Year,Month,Day,Time,End Year,End Month,End Day,End Time,Display Date,Headline,Headline Arabic,Text,Text Arabic,Agreement/Event,Stage
,,,,,,,,,,,,,,
,,,,,,,,,PA-X: Yemen agreements and conflict events,,,,,
,,,,,,,,,,,,,,
1990,4,22,,1990,4,22,,,Merger of North-South Yemen,اندماج اليمن شماﻻ وجنوبا ,"North and South Yemen merge to form the Yemen Arab Republic. The General People's Congress led by President Ali Abdullah Saleh in the north, and the Yemeni Socialist Party led by Ali Salim al-Beidh in the South, agree to share power https://www.peaceagreements.org/masterdocument/264","دمج شمال اليمن وجنوبه لتشكيل الجمهورية اليمنية. وافق المؤتمر الشعبي العام بقيادة الرئيس علي عبد الله صالح في الشمال والحزب الاشتراكي اليمني برئاسة علي سالم البيض في الجنوب على المشاركة في السلطةhttps://www.peaceagreements.org/masterdocument/264",Event,
,,,,,,,,,,,,,,
1990,4,22,,1990,4,22,,,Agreement Establishing a Union between the State of the Yemen Arab Republic and the State of the People's Democratic Republic of Yemen,اتفاقية الوحدة بين دولة الجمهورية العربية اليمنية ودولة جمهورية اليمن الديمقراطية الشعبية,English: https://www.peaceagreements.org/masterdocument/264,"باللغة الإنجليزية:https://www.peaceagreements.org/masterdocument/264",Agreement,Substantive-Partial
,,,,,,,,,,,,,,
1990,9,1,,1990,9,1,,,Creation of 'Islah' Party,إنشاء حزب الإصلاح,"September: The Islah 'Islamist Reform' Party is founded by a loose coalition of northern Islamist and tribal elites and support from Saudi Arabia. The party consists of three wings related to elements from the Muslim Brotherhood, the Hashid Tribal Federation and Salafi community.",سبتمبر: تم تأسيس حزب التجمع اليمني للإصلاح وهو مكون من ائتلاف واسع من النخب الإسلامية الشمالية ونخب من القبائل بدعم من المملكة العربية السعودية. يتألف الحزب من ثلاثة أجنحة وهي عناصر من الإخوان المسلمين وقبائل حاشد والسلفيين.,Event,
,,,,,,,,,,,,,,
1993,4,23,,1993,4,23,,,First executive and legislative elections in unified Yemen,أول انتخابات تنفيذية وتشريعية في اليمن الموحد,"Yemen hold elections for government won by the GPC and Islah which form a ruling coalition. The results disrupt the previous 50-50 representational split between the North and South. Ali Abdullah Saleh become President, Ali Salim al-Beidh is designated Vice President and Islah's Abdullah bin Hussayn al-Ahmar becomes Speaker of the Parliament.",جرت في اليمن انتخابات تشريعية فاز بها المؤتمر الشعبي العام والإصلاح واللذين قاما بتشكيل ائتلافاً حاكماً. عطل نتائج التقسيم السابق الذي اعطى 50% للشمال و50% للجنوب. علي عبد الله صالح أصبح رئيساً وعين علي سالم البيض نائباً للرئيس وأصبح عبد الله بن حسين الأحمر رئيساً لمجلس النواب.,Event,
,,,,,,,,,,,,,,
1993,8,1,,1993,8,1,,,"Vice President al-Beidh leaves the capital, Sanaa, in protest",نائب الرئيس البيض ينسحب من العاصمة صنعاء احتجاجا,August: al-Beidh withdraws to Aden protesting political marginalization and violence by northerners directed towards the YSP.,أغسطس: انسحاب البيض إلى عدن احتجاجًا على التهميش السياسي والعنف من قبل الشماليين ضد الحزب الاشتراكي اليمني.,Event,
,,,,,,,,,,,,,,
1994,4,27,,1994,4,27,,,North-south civil war begins,تبدأ الحرب الأهلية بين الشمال والجنوب,"A tank battle breaks out in Amran, north of the capital Sanaa, marking the beginning of the 1994 civil war. President Ali Abdullah Saleh declares a state of emergency.","معركة دبابات تندلع في عمران، شمال العاصمة صنعاء، وتبدأ الحرب الأهلية عام 1994. يعلن الرئيس علي عبد الله صالح حالة الطوارئ.",Event,
,,,,,,,,,,,,,,
1994,5,21,,1994,5,21,,,YSP officials declare the secession of the South,مسؤولون في الحزب الاشتراكي اليمني يعلنون انفصال الجنوب,The Democratic Republic of Yemen was not recognized by any other government. Southerners are supported by Saudi Arabia which deemed a united Yemen as a threat.,لم تعترف أي دولة اخرى بجمهورية اليمن الديمقراطية وقامت المملكة العربية السعودية التي تعتبر اليمن الموحد تهديدا بدعم الجنوبيين,Event,
,,,,,,,,,,,,,,
1994,6,30,,1994,6,30,,,Agreement on a Ceasefire in the Republic of Yemen,اتفاق لوقف إطلاق النار في الجمهورية اليمنية,English:  https://www.peaceagreements.org/masterdocument/250,"باللغة الإنجليزية:https://www.peaceagreements.org/masterdocument/250",Agreement,Ceasefire
,,,,,,,,,,,,,,
1994,7,7,,1994,7,7,,,Aden Captured,الاستيلاء على عدن,"Aden is captured and a ceasefire negotiated ending the North-South Yemeni civil war. In its aftermath, the victors rewards loyalists with land and jobs resulting in the disenfranchisement of Southern civil and military officials. https://www.peaceagreements.org/masterdocument/250","تم الاستيلاء على عدن والتفاوض لوقف إطلاق النار من أجل إنهاء الحرب الأهلية بين الشمال والجنوب. وفي أعقاب ذلك، يكافئ المنتصرون الموالين لهم بالأرض والوظائف مما يؤدي إلى حرمان المسؤولين المدنيين والعسكريين الجنوبيين من حقوقهم. https://www.peaceagreements.org/masterdocument/250",Event,
,,,,,,,,,,,,,,
2000,6,12,,2000,6,12,,,Yemen and Saudi Arabia sign border agreement,اليمن والسعودية يوقعان اتفاقية للحدود,The agreement resolves the border issue https://www.peaceagreements.org/masterdocument/408,تحل الاتفاقية قضية الحدود https://www.peaceagreements.org/masterdocument/408,Agreement,Implementation
,,,,,,,,,,,,,,
2000,10,4,,2000,10,4,,,Bombing of USS Cole,قصف السفينة الحربية الأمريكية كول,"A US warship, the USS Cole, is attacked by AQAP in Aden, killing 17 US personnel.","تحل الاتفاقية قضية الحدود https://www.peaceagreements.org/masterdocument/408",Event,
,,,,,,,,,,,,,,
2001,2,1,,2001,2,1,,,Violence breaks out before referendum vote,ينفجر العنف قبل التصويت على الاستفتاء,February 2001: Violence breaks out before a referendum and municipal polls extending the term and powers of the presidential office.,فبراير 2001: اندلعت أعمال العنف قبل إجراء الاستفتاء والاستطلاعات البلدية لتمديد فترة وصلاحيات مكتب الرئاسة.,Event,
,,,,,,,,,,,,,,
,,,,,,,,,,,,,,
,,,,,,,,,,,,,,
2010,2,12,,2010,2,12,,,Six-Point Government of Yemen-Houthi Ceasefire Agreement,اتفاق من ست نقاط لوقف إطلاق النار بين الحكومة اليمنية والحوثي,English:  https://www.peaceagreements.org/masterdocument/1434,"باللغة الإنجليزية:https://www.peaceagreements.org/masterdocument/1434",Agreement,Ceasefire
,,,,,,,,,,,,,,
2004,6,1,,2004,9,30,,,First round of Houthi conflict,الجولة الأولى من الصراع الحوثي,"June- September 2004: A police operation by the Yemeni government against Hussayn al-Houthi, a former Member of Parliament and a Zaydi youth activist, ignites the first round of fighting between the government and what becomes known as the Houthi movement. On September 10, Hussayn al-Houthi is killed. His father, Badr al-Din al-Houthi takes over as head of the Houthi movement.","يونيو - سبتمبر 2004: عملية أمنية للحكومة اليمنية ضد حسين الحوثي، عضو سابق في البرلمان وناشط شبابي الزيدي، يشعل الجولة الأولى من القتال بين الحكومة وما يعرف باسم حركة الحوثي. في 10 سبتمبر، قتل حسين الحوثي وتولى والده بدر الدين الحوثي رئاسة الحركة الحوثية.",Event,
,,,,,,,,,,,,,,
2005,1,1,,2005,1,1,,,Creation of the JMP,إنشاء أحزاب اللقاء المشترك,"2005: The Joint Meeting Parties (JMP) is established as a coalition opposition group to the GPC. The largest member of the JMP was Islah, followed by the YSP, and Popular Force, the Nasserist party, and al-Haqq (a Zaydi party).","2005: تم تأسيس أطراف اللقاء المشترك كمجموعة ائتلافية معارضة للمؤتمر الشعبي العام. أكبر عضو في أحزاب اللقاء المشترك هو الإصلاح ويليه الحزب الاشتراكي اليمني، والقوى الشعبية والحزب الناصري وحزب الحق (حزب زيدي).",Event,
,,,,,,,,,,,,,,
2005,3,1,,2005,6,23,,,Second round of Houthi conflict,الجولة الثانية من الصراع الحوثي,"March-June 23, 2005: Second round of fighting breaks out between the Houthis and Yemeni government in which more than 200 are killed. Fighting ended after tribal mediators negotiated a deal.",مارس - 23 يونيو 2005: تفجرت الجولة الثانية من القتال بين الحوثيين والحكومة اليمنية حيث قتل أكثر من 200 شخص. انتهى القتال بعد أن تفاوض وسطاء قبليون على اتفاق.,Event,
,,,,,,,,,,,,,,
2005,11,1,,2006,3,31,,,Third round of Houthi conflict,الجولة الثالثة من الصراع الحوثي,November 2005-March 2006: Third round of conflict breaks out between the Houthis and opposing tribes.,نوفمبر 2005 - مارس 2006: اندلاع الجولة الثالثة من النزاع بين الحوثيين والقبائل المعارضة.,Event,
,,,,,,,,,,,,,,
2007,1,28,,2007,6,16,,,Fourth round of Houthi conflict begins ,الجولة الرابعة من صراع الحوثي ,"January 28-June 16, 2007: Fourth round of conflict erupts after Houthi fighters attack Yemeni government outposts. ","28 يناير - 16 يونيو 2007: اندلاع الجولة الرابعة من النزاع بعد أن هاجم المقاتلون الحوثيون على نقاط للحكومة اليمنية.https://www.peaceagreements.org/masterdocument/1433",Event,
,,,,,,,,,,,,,,
2007,5,1,,2007,5,1,,,Protests in South Yemen mark emergence of Southern Movement,الاحتجاجات في الجنوب تمثل ظهور الحركة الجنوبية,"May 2007: Former-Southern military and civil officials fired in the aftermath of the 1994 civil war protest their lack of employment, Southern political marginalization and other injustices. Heavy-handedness by security forces burgeons support for the protestors and consolidates what will eventually become the Southern Movement.",مايو 2007: مسؤولون عسكريون ومدنيون سابقون في الجنوب سرحوا في أعقاب الحرب الأهلية عام 1994 احتجوا على تسريحهم والتهميش السياسي للجنوب وغير ذلك من المظالم.  الرد القاسي من قبل قوات الأمن زاد الدعم للمتظاهرين وعزز ما سيصبح الحراك الجنوبي.,Event,
,,,,,,,,,,,,,,
2008,2,1,,2008,2,1,,,Houthi conflict end with the Doha Agreement,تنتهي صراع الحوثي باتفاقية الدوحة,"Qatar mediates a ceasefire and Houthi leaders go into exile. English: https://www.peaceagreements.org/masterdocument/1433","توسطت قطر لوقف إطلاق النار ويذهب زعماء الحوثي إلى المنفىباللغة الإنجليزية:https://www.peaceagreements.org/masterdocument/1433",Agreement,Ceasefire
,,,,,,,,,,,,,,
2008,4,29,,2008,7,17,,,Fifth round of Houthi conflict,الجولة الخامسة من صراع الحوثي,"April 29-July 17, 2008: The fifth round of fighting between the Houthis and the Yemeni government in Sadaa begins.",من 29 أبريل إلى 17 يوليو 2008: بدء الجولة الخامسة من القتال في صعدة بين الحوثيين والحكومة اليمنية. ,Event,
,,,,,,,,,,,,,,
2009,8,1,,2009,8,1,,,Sixth round of Houthi conflict,الجولة السادسة من الصراع الحوثي,"August 2009-February 2010: The Yemeni government launches an offensive against the Houthis, displacing tens of thousands. Saudi Arabia and the US intervene against the Houthis, and fighting spreads across the Saudi border.","أغسطس 2009 – فبراير 2010: شنت الحكومة اليمنية هجوماً ضد الحوثيين، مما أدى إلى تشريد عشرات الآلاف. تتدخل المملكة العربية السعودية والولايات المتحدة ضد الحوثيين، وينتشر القتال عبر الحدود مع السعودية.",Event,
,,,,,,,,,,,,,,
2010,7,1,,2010,7,1,,,Continuation of violence in Sadaa and surrounding governorates,استمرار العنف في صعدة والمحافظات المحيطة بها,July 2010: Clashes occur between the Houthis and tribes in Sufyan which continue into November.,يوليو 2010: تقع اشتباكات بين الحوثيين والقبائل في حرف سفيان تستمر حتى شهر نوفمبر.,Event,
,,,,,,,,,,,,,,
2011,1,1,,2011,2,1,,,Protests break out against President Saleh,الاحتجاجات تندلع ضد الرئيس صالح,"January-February: Protests break out against the long-term rule of President Saleh. Protestors include unemployed youth, opposition parties (particularly Islah) as well as regional actors such as the Houthis and the Southern Movement.",فبراير: الاحتجاجات تندلع ضد الحكم الطويل للرئيس صالح. ومن بين المتظاهرين الشباب العاطل عن العمل وأحزاب المعارضة (ولا سيما الإصلاح) وكذلك الجهات الفاعلة المحلية مثل الحوثيين والحراك الجنوبي.,Event,
,,,,,,,,,,,,,,
2011,3,23,,2011,3,23,,,Massacre of protestors in Taiz,مذبحة المتظاهرين في تعز,"Government troops open fire on protestors in Taiz killing 50. The incident sparks mass disapproval of government action and former loyalists including government officials begin to defect. Islah party members, including Hamid al-Ahmar and Ali Mohsen al-Ahmar (not related) mobilise loyal fighters from the Hashid tribal federation and the First Armored Division and deploy them to Sanaa under the auspices of protecting protestors.","القوات الحكومية تطلق النار على المتظاهرين في تعز وتقتل 50منهم. هذا الحادث يثير استياء جماهيري من عمل الحكومة وموالين سابقين بما في ذلك مسؤولون حكوميون بدأوا ينشقون. قام أعضاء حزب الإصلاح، بمن فيهم حميد الأحمر وعلي محسن الأحمر (ليس هناك صلة قرابة بينهم) بتعبئة المقاتلين المخلصين من قبائل حاشد والفرقة الأولى مدرع ونشرهم في صنعاء تحت ذريعة حماية المتظاهرين.",Event,
,,,,,,,,,,,,,,
2011,4,21,,2011,4,21,,,GCC Intervention,تدخل دول مجلس التعاون الخليجي,"In an attempt to stabilize the situation, the Gulf Cooperation Council (GCC) intervenes with support from United Nation (UN) Secretary-GeneralÕs Special Envoy to Yemen, Jamal Benomar, to mediate a solution to the crisis. The first iteration of the GCC Initiative is announced on April 23, but not signed until November 23, 2011. However, President Saleh refused to agree to the proposal. Meanwhile, the city of Sanaa is divided between pro-Saleh and opposition forces that have set up checkpoints. https://www.peaceagreements.org/masterdocument/1401","في محاولة لتهدئة الوضع تدخل مجلس التعاون الخليجي بدعم من المبعوث الخاص للأمين العام للأمم المتحدة إلى اليمن جمال بنعمر للتوسط لحل الأزمة وتم الإعلان عن أول مسودة لمبادرة مجلس التعاون الخليجي في 23 أبريلhttps://www.peaceagreements.org/masterdocument/1401 ومع ذلك، رفض الرئيس صالح الموافقة على الاقتراح وفي الوقت نفسه بدأت مدينة صنعاء تنقسم بين القوات الموالية لصالح والقوى المعارضة التي أقامت نقاط تفتيش. https://www.peaceagreements.org/masterdocument/1401",Event,
,,,,,,,,,,,,,,
2011,5,1,,2011,5,1,,,AQAP captures Zinjinbar,تنظيم القاعدة في شبه الجزيرة العربية يستولي على زنجبار,The re-call of troops to Sanaa creates a security vacuum elsewhere in Yemen. Al-Qaeda in the Arabian Peninsula (AQAP) takes control of the town of Zinjinbar in Abyan governorate.,استدعاء القوات العسكرية إلى صنعاء يخلق فراغًا أمنيًا في أماكن أخرى في اليمن وتنظيم القاعدة في شبه الجزيرة العربية يسيطر على زنجبار في محافظة أبين.,Event,
,,,,,,,,,,,,,,
2011,6,7,,2011,6,7,,,Attempted assassination of President Saleh,محاولة اغتيال الرئيس صالح,President Saleh is wounded in attempted assassination. Vice President Abd Rabbu Mansour Hadi takes over as acting President while Saleh receives medical treatment in Riyadh.,أصيب الرئيس صالح في محاولة اغتيال وتولى نائب الرئيس عبد ربه منصور هادي منصب القائم بأعمال الرئيس في حين يتلقى صالح العلاج في الرياض.,Event,
,,,,,,,,,,,,,,
2011,9,12,,2011,9,12,,,Presidential Decree No. (24) FY 2011,قرار رئاسي رقم (24) لسنة 2011,English:  https://www.peaceagreements.org/masterdocument/1402,باللغة الإنجليزية: https://www.peaceagreements.org/masterdocument/1402,Agreement,Substantive-Partial
,,,,,,,,,,,,,,
2011,11,23,,2011,11,23,,,Signing of GCC Initiative,التوقيع على مبادرة مجلس التعاون الخليجي,President Saleh signs the Implementation Mechanism of the GCC Initiative transferring power to Vice President Hadi. https://www.peaceagreements.org/masterdocument/758,الرئيس صالح يوقع الآلية التنفيذية للمبادرة الخليجية لنقل السلطة إلى نائبه هادي. https://www.peaceagreements.org/masterdocument/758,Event,
,,,,,,,,,,,,,,
2011,11,23,,2011,11,23,,,Agreement on the Implementation Mechanism for the Transition Process in Yemen in Accordance with the Initiative of the Gulf Cooperation Council (GCC Implementation Mechanism),اتفاقية الآلية التنفيذية للعملية الانتقالية في اليمن وفقاً لمبادرة مجلس التعاون الخليجي,English: https://www.peaceagreements.org/masterdocument/758,"باللغة الإنجليزية: https: //www.peaceagreements.org / masterdocument / 758",Agreement,Substantive-Partial
,,,,,,,,,,,,,,
2011,11,23,,2011,11,23,,,Agreement/Gulf Cooperation Council (GCC) Initiative,الاتفاقية / مبادرة مجلس التعاون الخليجي,English: https://www.peaceagreements.org/masterdocument/1401,"باللغة الإنجليزية: https: //www.peaceagreements.org/masterdocument/1401",Agreement,Substantive-Partial
,,,,,,,,,,,,,,
2011,12,7,,2011,12,7,,,"Decree No. (184) for the year 2011, to Form a Government of National Reconciliation",قرار رقم (184) لسنة 2011 بتشكيل حكومة المصالحة الوطنية,English:  https://www.peaceagreements.org/masterdocument/1399," باللغة الإنجليزية:https: //www.peaceagreements.org/masterdocument/1399",Agreement,Implementation
,,,,,,,,,,,,,,
2012,2,25,,2012,2,25,,,Vice President Hadi is elected President,يتم انتخاب نائب الرئيس هادي كرئيس,Vice President Hadi is elected as President with no competitors. Saleh remains head of the ruling GPC party.,ينتخب نائب الرئيس هادي كرئيس بدون منافسين ويبقى صالح رئيس حزب المؤتمر الشعبي العام الحاكم.,Event,
,,,,,,,,,,,,,,
2012,2,1,,2012,6,1,,,Violence in Sadaa and surrounding governorates intensifies,تصاعد العنف في صعدة والمحافظات المحيطة بها,February-June: Violence between Houthi fighters clash and tribal militias intensifies in regions surrounding Sadaa governorate including Hajjah and Amran governorates.,فبراير إلى يونيو: تصاعد العنف بين المقاتلين الحوثيين والميليشيات القبلية في المناطق المحيطة بمحافظة صعدة بما في ذلك محافظتي حجة وعمران.,Event,
,,,,,,,,,,,,,,
2012,4,1,,2012,4,1,,,Hadi implements aspects of Security Sector Reform,هادي ينفذ جوانب من إصلاح قطاع الأمن,April: President Hadi fires 20 senior military offices appointed by former President Saleh.,أبريل: الرئيس هادي يقيل 20 قائدا عسكريا كبيرا عينهم الرئيس السابق صالح.,Event,
,,,,,,,,,,,,,,
2012,6,1,,2012,6,1,,,Zinjinbar re-captured from AQAP,استعادة زنجبار من القاعدة في شبه الجزيرة العربية,June: Yemeni army re-takes Zinjinbar from AQAP with support from local militias known as Popular Committees.,يونيو: الجيش اليمني يستعيد زنجبار من القاعدة في شبه الجزيرة العربية بدعم من مليشيات محلية معروفة باللجان الشعبية.,Event,
,,,,,,,,,,,,,,
2012,8,1,,2012,8,1,,,Republican Guard is targeted for SSR,تستهدف الإصلاحات الأمنية الحرس الجمهوري,"President Hadi announces restructuring of the Republican Guard, an elite unit under the command of Saleh's son, Ahmed Ali Saleh.","الرئيس هادي يعلن إعادة هيكلة الحرس الجمهوري، وحدة عسكرية خاصة تحت قيادة نجل صالح، أحمد علي صالح.",Event,
,,,,,,,,,,,,,,
2012,9,1,,2012,9,1,,,Houthis organise protests in Sanaa,ينظم الحوثيون احتجاجات في صنعاء,"September: Houthis, increasingly known as Ansar Allah, organise protests in Sanaa against the US film 'Innocence of Muslims' consolidating their support in the city.","سبتمبر: ينظم الحوثيون، المعروفون بأنصار الله، احتجاجات في صنعاء ضد الفيلم الأمريكي ""براءة المسلمين"" الأمر الذي يوطد الدعم لهم في المدينة.",Event,
,,,,,,,,,,,,,,
2013,3,18,,2013,3,18,,,National Dialogue Conference begins,يبدأ مؤتمر الحوار الوطني,The National Dialogue Conference (NDC) begins as part of the GCC Initiative gathering 565 delegates from across Yemen's political spectrum and establishing 9 working groups looking at the country's most pressing issues.,يبدأ مؤتمر الحوار الوطني في إطار مبادرة مجلس التعاون الخليجي ويضم مؤتمر الحوار 565 مندوبا من مختلف الأطياف السياسية في اليمن وتنشأ 9 مجموعات عمل تبحث في القضايا الأكثر إلحاحا في البلاد.,Event,
,,,,,,,,,,,,,,
2013,4,10,,2013,4,10,,,Hadi removes senior figures from strategic military commands,يقيل هادي شخصيات بارزة من قيادة وحدات عسكرية استراتيجية,"Hadi removes Ahmed Saleh and Ali Mohsin al-Ahmar as commanders of the Republican Guard and First Armoured Division, respectively, 'promoting' them to diplomatic and advisory positions.","يقيل هادي أحمد صالح قائد الحرس الجمهوري وعلي محسن الأحمر قائد الفرقة الأولى مدرع ""ويرقيهم"" إلى مناصب دبلوماسية واستشارية.",Event,
,,,,,,,,,,,,,,
2013,6,1,,2013,6,1,,,Southern leaders protest NDC,القادة الجنوبيون يحتجون على مؤتمر الحوار الوطني,June-July: Southern Movement leader Ahmed bin Farid withdraws from NDC on April 25. Other Southern leaders temporarily withdraw in June and return in July after a fist-fight broke out in the NDC's Southern Issue Working Group.,يونيو إلى يوليو: ينسحب زعيم الحركة الجنوبية أحمد بن فريد من مؤتمر الحوار الوطني في 25 أبريل. وقام قادة جنوبيون آخرون بالانسحاب مؤقتًا في يونيو وعادوا في يوليو بعد اشتباكات بالأيدي في مجموعة عمل القضية الجنوبية في مؤتمر الحوار الوطني,Event,
,,,,,,,,,,,,,,
2013,9,1,,2013,9,1,,,NDC is extended for 6 months,تمديد مؤتمر الحوار الوطني لستة أشهر أخرى,NDC extended for 6 months.,يمدد مؤتمر الحوار الوطني لستة أشهر,Event,
,,,,,,,,,,,,,,
2013,11,28,,2013,11,28,,,Important southern figures withdraws from NDC,تنسحب شخصيات جنوبية مهمة من مؤتمر الحوار الوطني,"Southern representative, Muhammad Ali Ahmed, withdraws from NDC citing a 'dead end'.",ينسحب أحد ممثلي الجنوب محمد علي أحمد من مؤتمر الحوار الوطني مشيرا إلى وصول المؤتمر إلى طريق مسدود.,Event,
,,,,,,,,,,,,,,
2013,12,20,,2013,12,20,,,Killing of Hamdrami Sheikh at checkpoint in Seyoun,مقتل شيخ حضرمي في نقطة امنية,"Hadrami Shiekh, Said bin Hamad, killed by Yemeni armed forces at a checkpoint in Sayoun, Hadramawt. Hadramawt Tribal Confederation demand the responsibility for local security be handed over to local militias.",يقتل الشيخ الحضرمي سعيد بن حمد على يد القوات المسلحة اليمنية عند نقطة تفتيش في سيئون بحضرموت ويطالب حلف قبائل حضرموت بتسليم المسؤولية عن الأمن المحلي إلى مليشيات محلية.,Event,
,,,,,,,,,,,,,,
2013,12,23,,2013,12,23,,,Agreement on a Just Solution issued by NDC Southern Working Group,اتفاق لحل عادل صادر عن مجموعة القضية الجنوبية في مؤتمر الحوار الوطني,"December 23: NDC's Southern Working Group issues the Agreement on a Just Solution to the Southern Question, where the members, including a Houthi representative, agreed that Yemen would become a federal state. http://constitutionnet.org/sites/default/files/140118_agreement_on_the_southern_question_en_final.pdf","23 ديسمبر: يصدر فريق القضية الجنوبية في مؤتمر الحوار الوطني الحل العادل للقضية الجنوبية، حيث اتفق الأعضاء، بمن فيهم ممثل الحوثي، على أن تصبح اليمن دولة اتحادية. http://constitutionnet.org/sites/default/files/140118_agreement_on_the_southern_question_en_final.pdf",Event,
,,,,,,,,,,,,,,
2014,1,6,,2014,1,6,,,Ceasefire between Dar al-Hadith and Houthis after 6 months of violence,وقف إطلاق النار بين دار الحديث والحوثيين بعد ستة أشهر من القتال,"A ceasefire is mediated by the Hadi government, ending 6 months of fighting between Ansar Allah (the Houthis) and Salafist students at the Dar al-Hadith Madrassa in Dammaj. 300 students are evacuated and the Madrassa destroyed.",توسطت حكومة هادي لوقف إطلاق النار منهيةً ستة أشهر من القتال بين أنصار الله (الحوثيين) والطلاب السلفيين في دار الحديث في دماج وتم إجلاء 300 طالب وتدمير المدرسة.,Event,
,,,,,,,,,,,,,,
2014,1,6,,2014,1,6,,,Ceasefire between Salafists and Houthis in Dammaj,,,,Agreement,Ceasefire
,,,,,,,,,,,,,,
2014,1,11,,2014,1,11,,,Letter to Presidential Mediation Council on Terms of Ceasefire from Sheikh al-Hajuri,,Ceasefire Agreement,,Agreement,Ceasefire
,,,,,,,,,,,,,,
2014,1,25,,2014,1,25,,,NDC issues Outcomes Document ending the proceedings,ينتهي مؤتمر الحوار الوطني بإصداره وثيقة مخرجات الحوار الوطني ,"NDC ends and issues the NDC Outcomes Document containing 1,800 points designed to guide the drafting of the new Yemeni constitution. English:  https://www.peaceagreements.org/masterdocument/1400 Arabic:  https://www.peaceagreements.org/document/1258","بتوزيع وإصدار وثيقة مؤتمر الحوار الوطني الشامل التي تحتوي على 1،800 نقطة تهدف إلى توجيه صياغة الدستور اليمني الجديد. باللغة الإنجليزية: https://www.peaceagreements.org/masterdocument/1400باللغة العربية: https://www.peaceagreements.org/document/1258 ",Agreement,Substantive-Partial
,,,,,,,,,,,,,,
2014,10,24,,2014,10,24,,,Ajmar Agreement,,Ceasefire Agreement,,Agreement,Ceasefire
,,,,,,,,,,,,,,
2014,2,10,,2014,2,10,,,Final Decision on the delimitation of the Federal Regions,القرار النهائي بشأن ترسيم حدود الأقاليم الاتحادية,The Regional Delimitation Committee issues its decision to restructure Yemen into 6 regions containing the 21 governorates. English:  https://www.peaceagreements.org/masterdocument/1508 Arabic:  https://www.peaceagreements.org/document/1257,"تصدر لجنة رسم الحدود الإقليمية قرارها بإعادة هيكلة اليمن إلى 6 أقاليم تحتوي على 21 محافظة. الإنجليزية: https://www.peaceagreements.org/masterdocument/1508 بالعربية: https://www.peaceagreements.org/document/1257",Agreement,Implementation
,,,,,,,,,,,,,,
2014,3,8,,2014,3,8,,,Constitutional Drafting Committee formed,تشكل لجنة صياغة الدستور ,Hadi announces formation of the 17-member Constitutional Drafting Committee.,يعلن هادي بتشكيل لجنة صياغة الدستور المشكلة من 17 عضوا,Event,
,,,,,,,,,,,,,,
2014,9,21,,2014,9,21,,,Houthis capture Sanaa,يستولي الحوثيون على صنعاء,"Houthis take control of Sanaa, following weeks of protest. The UN steps in to mediate an agreement on the formation of new interim government led by Hadi, but with additional powers allocated to the Houthis and the Southern Movement. https://www.peaceagreements.org/masterdocument/798",يسيطر الحوثيون على صنعاء بعد أسابيع من الاحتجاجات وتتدخل الأمم المتحدة للتوسط في التوصل إلى اتفاق حول تشكيل حكومة مؤقتة جديدة بقيادة هادي ولكن مع صلاحيات إضافية للحوثيين والحراك الجنوبي. https://www.peaceagreements.org/masterdocument/798,Event,
,,,,,,,,,,,,,,
,,,,,,,,,,,,,,
,,,,,,,,,,,,,,
2014,3,8,,2014,3,8,,,Decision on the President of the Republic No. (27) of 2014 forming the Constitutional Drafting Committee,قرار رئيس الجمهورية رقم 27 لسنة 2014 لتشكيل لجنة صياغة الدستور,English:  https://www.peaceagreements.org/masterdocument/1509 Arabic:  https://www.peaceagreements.org/document/1256,"بالإنجليزي:https://www.peaceagreements.org/masterdocument/1509بالعربي:https://www.peaceagreements.org/document/1256",Agreement,Implementation
,,,,,,,,,,,,,,
2014,5,2,,2014,5,2,,,Agreement between Al-Awlaqi Tribe and Al-Qaeda,اتفاقية بين قبيلة العوالق والقاعدة,English:  https://www.peaceagreements.org/masterdocument/1597 Arabic:  https://www.peaceagreements.org/document/1400,"بالإنجليزي:https://www.peaceagreements.org/masterdocument/1597بالعربي:https://www.peaceagreements.org/document/1400",Agreement,Ceasefire
,,,,,,,,,,,,,,
2014,6,26,,2014,6,26,,,Agreement between Ansar Allah and Salafists from the al-Noor Centre,اتفاقية بين أنصار الله والسلفيين من مركز النور,English: https://www.peaceagreements.org/masterdocument/1883 Arabic:  https://www.peaceagreements.org/document/2491,"بالإنجليزي:https://www.peaceagreements.org/masterdocument/1883بالعربي:https://www.peaceagreements.org/document/2491",Agreement,Prenegotiation
,,,,,,,,,,,,,,
2014,9,21,,2014,9,21,,,The Peace and National Partnership Agreement,اتفاقية السلم والشراكة الوطنية,"Houthis take control of Sanaa, following weeks of protest. The UN steps in to mediate an agreement on the formation of new interim government led by Hadi, but with additional powers allocated to the Houthis and the Southern Movement. The Peace and National Partnership Agreement English:  https://www.peaceagreements.org/masterdocument/798",يسيطر الحوثيون على صنعاء بعد أسابيع من الاحتجاجات وتتدخل الأمم المتحدة للتوسط في التوصل إلى اتفاق حول تشكيل حكومة مؤقتة جديدة بقيادة هادي ولكن مع صلاحيات إضافية للحوثيين والحراك الجنوبي.   اتفاق السلم والشراكة الوطني بالإنجليزي:  https://www.peaceagreements.org/masterdocument/798,Agreement,Substantive-Partial
,,,,,,,,,,,,,,
2014,24,10,,2014,24,10,,,Agreement to Cease Fire between the Tihami Movement in Harah al-Yemen and Ansar Allah,,Ceasefire Agreement,,Agreement,Ceasefire
,,,,,,,,,,,,,,
2014,11,1,,2014,11,1,,,UN announces sanctions on former President Saleh,الأمم المتحدة تعلن فرض عقوبات على الرئيس السابق صالح,UN place sanctions and travel-ban on former-President Saleh after it becomes apparent that he was supporting the Houthis in de-railing the transition.,تفرض الأمم المتحدة عقوبات وحظر سفر على الرئيس السابق صالح بعد أن أصبح واضحاً أنه يدعم الحوثيين في عرقلة الانتقال السياسي.,Event,
,,,,,,,,,,,,,,
2014,11,1,,2014,11,1,,,Peace and National Partnership Implementation Agreement,اتفاقية تنفيذ السلم والشراكة الوطنية,English:  https://www.peaceagreements.org/masterdocument/1884,بالإنجليزي: https://www.peaceagreements.org/masterdocument/1884,Agreement,Implementation
,,,,,,,,,,,,,,
2014,12,4,,2014,12,4,,,Agreement between the Abidah Tribes and Ansar Allah,اتفاقية بين قبائل عبيدة وأنصار الله,English:  https://www.peaceagreements.org/masterdocument/1676 Arabic:  https://www.peaceagreements.org/document/2304,"بالإنجليزي:https://www.peaceagreements.org/masterdocument/1676بالعربي:https://www.peaceagreements.org/document/2304",Agreement,Substantive-Partial
,,,,,,,,,,,,,,
2015,1,17,,2015,1,17,,,Houthis disrupt constitutional drafting process,يعطل الحوثيون عملية صياغة الدستور,"Hadi's Chief of Staff, Ahmed Awad bin Mubarak is detained by the Houthis in a disagreement to the draft constitution. He is released ten days later.",يحتجز أحمد عوض بن مبارك مدير مكتب الرئيس هادي من قبل الحوثيين في خلاف على مسودة الدستور وتم إطلاق سراحه بعد عشرة أيام.,Event,
,,,,,,,,,,,,,,
2015,1,21,,2015,1,21,,,President Hadi temporarily resigns,يستقيل الرئيس هادي مؤقتاً,"An agreement is negotiated between the Houthis and the Hadi government to end the political and military stand-off, but quickly fails. Hadi resigns as President.",يتم التفاوض على اتفاق بين الحوثيين وحكومة هادي لإنهاء المواجهة السياسية والعسكرية ولكن سرعان ما يفشل الاتفاق وهادي يستقيل من الرئاسة.,Event,
,,,,,,,,,,,,,,
2015,2,1,,2015,2,1,,,Houthis seize reigns of Yemeni government. Hadi flees to Aden.,الحوثيون يستولون على الحكومة اليمنية وهادي يفر إلى عدن,"Hadi escapes Sanaa and arrives in Aden, where he rescinds his resignation and denounces the Houthi take-over as a 'coup'.","يهرب هادي من صنعاء ويصل إلى عدن حيث يلغى استقالته ويندد بعملية استيلاء الحوثي على الحكم بانها ""انقلاب"".",Event,
,,,,,,,,,,,,,,
2015,3,20,,2015,3,20,,,First attack claimed by Islamic State in Yemen,أول هجوم تتبناه به الدولة الإسلامية في اليمن,Suicide bombs at two mosques kill 137 in Sanaa in the first attack claimed by the Islamic State in Yemen.,تؤدي تفجيرات انتحارية في مسجدين في صنعاء لقتل 137 الهجوم الأول الذي تتبناه الدولة الإسلامية في اليمن.,Event,
,,,,,,,,,,,,,,
2015,3,23,,2015,3,23,,,Arab Coalition intervenes in Yemen,تدخل التحالف العربي في اليمن,An Arab Coalition led by Saudi Arabia launch Operation Decisive Storm to re-take Aden after President Hadi pleads for their assistance. Hadi flees to Riyadh.,يطلق التحالف العربي بقيادة السعودية عملية عاصفة الحزم لإعادة الاستيلاء على عدن بعد أن ناشد الرئيس هادي مساعدتهم وهادي يهرب إلى الرياض.,Event,
,,,,,,,,,,,,,,
2015,4,2,,2015,4,2,,,AQAP capture Mukalla,تنظيم القاعدة في شبه الجزيرة العربية يستولي على المكلا,The city is captured in a few days and remains under their control,يتم الاستيلاء على المدينة في غضون أيام قليلة وتبقى تحت سيطرتهم,Event,
,,,,,,,,,,,,,,
2015,4,21,,2015,4,21,,,Arab Coalition launch Operation Restoring Hope,يطلق التحالف العربي عملية إعادة الأمل,The Arab Coalition launch Operation Restoring Hope,يطلق التحالف العربي عملية إعادة الأمل,Event,
,,,,,,,,,,,,,,
2015,4,22,,2015,4,22,,,Oman announce Muscat peace plan,تعلن سلطنة عمان عن خطة مسقط للسلام,Oman issues the 7-point Muscat Peace Plan.,تصدر سلطنة عمان خطة تضم سبع نقاط للسلام,Event,
,,,,,,,,,,,,,,
2015,4,25,,2015,4,25,,,Ismail Ould Chekh Ahmed becomes UN Special Envoy to Yemen,يعين إسماعيل ولد الشيخ أحمد مبعوثا خاصا للأمم المتحدة إلى اليمن,Ismail Ould Chekh Ahmed is appointed as UN Secretary-General Special Envoy to Yemen.,تم تعيين إسماعيل ولد الشيخ أحمد كمبعوث خاص للأمين العام للأمم المتحدة إلى اليمن.,Event,
,,,,,,,,,,,,,,
2015,4,26,,2015,4,26,,,Attacks on Saudi territory intensify,تكثف الهجمات على الأراضي السعودية ,Cross-border attack into Saudi Arabia kills one member of the Saudi National Guard.,يقتل هجوم عبر الحدود السعودية أحد أفراد الحرس الوطني السعودي,Event,
,,,,,,,,,,,,,,
2015,5,12,,2015,5,12,,,5-day ceasefire agreed,اتفق وقف إطلاق النار لمدة خمسة أيام,5-day ceasefire agreed to by both parties. Humanitarian supplies arrive in Hodeidah,وافق الطرفان على اتفاق وقف إطلاق النار لمدة خمسة أيام وتصل الإمدادات الإنسانية إلى الحديدة.,Event,
,,,,,,,,,,,,,,
2015,5,17,,2015,5,17,,,Peace conference begins in Riyadh without Houthis,يبدأ مؤتمر السلام في الرياض بدون حضور الحوثيين,"The conference is attended by delegates from the GPC, Islah and YSP, but without Ansar Allah.",يحضر المؤتمر مندوبون من المؤتمر الشعبي العام والإصلاح والحزب الاشتراكي اليمني ولكن بدون حضور من أنصار الله.,Event,
,,,,,,,,,,,,,,
2015,6,1,,2015,6,1,,,Geneva I talks begin,تبدأ محادثات جنيف الأولى,Preliminary Inclusive Consultations between Ansar Allah and the Yemeni government begin in Geneva.,تبدأ في جنيف مشاورات أولية شاملة بين أنصار الله والحكومة اليمنية.,Event,
,,,,,,,,,,,,,,
2015,6,2,,2015,6,2,,,Statement on Security in Governorate of Ibb,بيان حول الأمن في محافظة إب,English:  https://www.peaceagreements.org/masterdocument/1823 Arabic:  https://www.peaceagreements.org/document/2389,"بالإنجليزي:https://www.peaceagreements.org/masterdocument/182بالعربي:https://www.peaceagreements.org/document/2389",Agreement,Prenegotiation
,,,,,,,,,,,,,,
2015,9,4,,2015,9,4,,,Dozens killed at Marib base by Houthi missile,مقتل العشرات بصاروخ حوثي في قاعدة عسكرية في مأرب ,Houthi missile kills 67 coalition troops and dozens of Hadi loyalists in an attack on an Arab Coalition base in Marib governorate.,يقتل صاروخ حوثي 67 من قوات التحالف وعشرات من المقاتلين الموالين لهادي في هجوم على قاعدة للتحالف العربي في محافظة مأرب.,Event,
,,,,,,,,,,,,,,
2015,10,19,,2015,10,19,,,Seven Point Peace Plan (Muscat Principles),خطة مكونة من سبع نقاط للسلام (مبادئ مسقط),English:  https://www.peaceagreements.org/masterdocument/1734,بالإنجليزي: https://www.peaceagreements.org/masterdocument/1734,Agreement,Prenegotiation
,,,,,,,,,,,,,,
2015,10,26,,2015,10,26,,,Sadaa hospital destroyed in airstrike,تدمير مستشفى في صعدة جراء غارة جوية ,MSF report the destruction of an MSF-run hospital in Sadaa from an airstrike,أفادت منظمة أطباء بلا حدود عن تدمير مستشفى تابع لها في صعدة من غارة جوية,Event,
,,,,,,,,,,,,,,
2015,11,1,,2015,11,1,,,Delegations arrive in Muscat in preparation for preliminary discussions,وصول الوفود إلى مسقط للتحضير للمناقشات التمهيدية,November: Oman continues backdoor mediation and a twin Ansar Allah-GPC delegation arrive in Muscat for renewed preliminary discussions.,نوفمبر: تواصل عُمان الوساطة المستترة ويصل وفدان من أنصار الله والمؤتمر الشعبي العام إلى مسقط لإجراء مناقشات تمهيدية جديدة.,Event,
,,,,,,,,,,,,,,
2015,12,6,,2015,12,6,,,Governor of Aden killed by Islamic State,مقتل محافظ عدن على يد الدولة الإسلامية,Governor of Aden and 6 bodyguards killed in car bombing claimed by the Islamic State. Aydrus Zubaydi is appointed as successor.,مقتل محافظ عدن وستة من مرافقيه تفجير سيارة تبناه تنظيم الدولة الإسلامية وتم تعيين عيدروس الزبيدي خلفا له,Event,
,,,,,,,,,,,,,,
2015,12,15,,2015,12,15,,,Geneva II begins,بدء الجولة الثانية من المفاوضات في جنيف,"A second round of negotiations is scheduled to begin between Ansar Allah and the Yemeni Government in Geneva, but is delayed and talks eventually breakdown following ceasefire violations from both sides.",من المقرر أن تبدأ جولة ثانية من المفاوضات في جنيف بين أنصار الله والحكومة اليمنية ولكنها تتأخر وفي النهاية تنهار بعد انتهاكات لوقف إطلاق النار من كلا الجانبين.,Event,
,,,,,,,,,,,,,,
2016,2,29,,2016,2,29,,,Agreement to Solve the Problem regarding al-Maashiq Palace,,Prenegotiation Agreement,,Agreement,Prenegotiation
,,,,,,,,,,,,,,
2016,3,4,,2016,3,4,,,Islamic State claim attack on charity in Aden,تتبنى الدولة الإسلامية هجوم على جمعية خيرية في عدن,16 killed in an attack on the Missionaries of Charity in Aden,مقتل 16 في هجوم على جمعية المحسنين في عدن,Event,
,,,,,,,,,,,,,,
2016,3,6,,2016,3,6,,,Local mediators establish prisoner exchange and border truce,وسطاء محليون يصلون إلى اتفاق لتبادل الأسرى والهدنة على الحدود,A 'border calm' is negotiated by local mediators to ending fighting on the Sadaa-Saudi border in addition to a prisoner exchange.,يتم التفاوض على التهدئة على الحدود من قبل وسطاء محليين لإنهاء القتال على حدود بين محافظة صعدة والسعودية بالإضافة إلى تبادل الأسرى,Event,
,,,,,,,,,,,,,,
2016,4,2,,2016,4,2,,,"Ceasefire Agreement for the Governorate of al-Hajjah between Ansar Allah and the legitimate Government of Yemen, signed in Dhahran al-Janoub",,Ceasefire Agreement,,Agreement,Ceasefire
,,,,,,,,,,,,,,
2016,4,3,,2016,4,3,,,Ali Mohsin al-Ahmar appointed as Vice President,تم تعيين علي محسن الأحمر نائباً للرئيس,"Hadi appoints Ali Mohsen al-Ahmar as Vice President, replacing Khalid Bahah",يعين هادي علي محسن الأحمر نائبًا له ليحل محل خالد بحاح,Event,
,,,,,,,,,,,,,,
2016,4,4,,2016,4,4,,,Hajjah ceasefire,وقف إطلاق النار في حجة,A ceasefire is negotiated for Hajjah signed in Dahran al-Janoub,يتم التفاوض على وقف إطلاق النار في حجة في اتفاقية وقعت في ظهران الجنوب,Event,
,,,,,,,,,,,,,,
2016,4,4,,2016,4,4,,,"Ceasefire Implementation Agreement for the Governorate of Hajjah, signed in Dhahran al-Janoub",,Ceasefire Agreement,,Agreement,Ceasefire
,,,,,,,,,,,,,,
2016,4,10,,2016,4,10,,,Dharan al-Janoub ceasefires signed for 5 governorates,توقع اتفاقيات ظهران الجنوب لخمسة محافظات,"A series of 5 other governorate-level ceasefires are signed in Dharan al-Janoub for Jawf, Baydah, Lahj, Marib, and Taiz. Ceasefires for Marib and Taiz are amended to better fit local conditions.",تم التوقيع على سلسلة من اتفاقيات وقف إطلاق النار على مستوى خمس محافظات أخرى في ظهران الجنوب وهي: الجوف والبيضاء ولحج ومأرب وتعز ويتم تعديل اتفاقيات وقف إطلاق النار لمحافظتي مأرب وتعز لتناسب الظروف المحلية.,Event,
,,,,,,,,,,,,,,
2016,4,10,,2016,4,10,,,Dhalea Ceasefire,,Ceasefire Agreement,,Agreement,Ceasefire
,,,,,,,,,,,,,,
2016,4,10,,2016,4,10,,,"Dhahran al-Janoub Agreements on the Cessation of Hostilities in Yemen for Shabwah, al-Dhali'a, al-Baydah, al-Jawf, Marib, Taiz and Terms and Conditions",,Ceasefire Agreement,,Agreement,Ceasefire
,,,,,,,,,,,,,,
2016,4,10,,2016,4,10,,,Yemeni Military Ceasefire Order (with Signature by Ansar Allah Representative),,Ceasefire Agreement,,Agreement,Ceasefire
,,,,,,,,,,,,,,
2016,4,16,,2016,4,16,,,Taiz Ceasefire Agreement,,Ceasefire Agreement,,Agreement,Ceasefire
,,,,,,,,,,,,,,
2016,4,17,,2016,4,17,,,Implementation Mechanism of the Ceasefire Agreement in the Governorate of Marib ,,Ceasefire Agreement,,Agreement,Ceasefire
,,,,,,,,,,,,,,
2016,4,21,,2016,4,21,,,Kuwaiti peace talks begin,بدء محادثات السلام في الكويت,Delegations in Kuwait negotiate via 'proximity talks',تفاوض الوفود في الكويت في مفاوضات غير مباشرة,Event,
,,,,,,,,,,,,,,
2016,4,26,,2016,4,26,,,Mukalla re-captured from AQAP,إعادة الاستيلاء على المكلا من القاعدة في شبه الجزيرة العربية,AQAP driven out of Mukalla by Emirati and Southern Resistance forces.,إخراج تنظيم القاعدة من المكلا على يد قوات إماراتية ومن قوات النخبة الحضرمية.,Event,
,,,,,,,,,,,,,,
2016,6,6,,2016,6,6,,,Prisoner swap occurs,يحدث تبادل الأسرى ,Parties implement a prisoner swap.,تنفيذ الأطراف تبادل الأسرى.,Event,
,,,,,,,,,,,,,,
2016,7,28,,2016,7,28,,,High Political Council (HPC) formed in Sanaa,تشكيل المجلس السياسي الأعلى في صنعاء,The GPC and Ansar Allah announce the formation of a High Political Council in Sanaa.,يعلن المؤتمر الشعبي العام وأنصار الله تشكيل المجلس السياسي الأعلى في صنعاء.,Event,
,,,,,,,,,,,,,,
2016,8,6,,2016,8,6,,,Kuwaiti talks end,تنتهي محادثات الكويت,Kuwait talk end following deadlock.,تنتهي محادثات الكويت بعد الوصول إلى طريق مسدود,Event,
,,,,,,,,,,,,,,
2016,8,13,,2016,8,13,,,First meeting of HPC in Sanaa,الاجتماع الأول للمجلس السياسي الأعلى في صنعاء,High Political Council in Sanaa meet in Sanaa's parliament building.,يجتمع المجلس السياسي الأعلى في مبنى برلمان صنعاء.,Event,
,,,,,,,,,,,,,,
2016,8,25,,2016,8,25,,,Kerry Roadmap initiative announced,إعلان مبادرة كيري,"US Secretary of State, John Kerry, announces a roadmap for peace talks.",يعلن وزير الخارجية الأمريكي جون كيري عن خارطة طريق لمحادثات السلام.,Event,
,,,,,,,,,,,,,,
2016,10,8,,2016,10,8,,,Funeral airstrike in Sanaa,تستهدف غارة جوية عزاء في صنعاء,"Two Coalition airstrikes hit a funeral in Sanaa, killing 155 and wounding 525.",ضربت غارتان لقوات التحالف عزاء في صنعاء مما أسفر عن مقتل 155 وإصابة 525,Event,
,,,,,,,,,,,,,,
2016,10,19,,2016,10,19,,,UN calls for ceasefire,تدعو الأمم المتحدة إلى وقف إطلاق النار ,"UN Special Envoy for Yemen, Ismail Ould Cheikh Ahmed calls for a 72-hour ceasefire and re-activation of the Dharan al-Janoub De-escalation and Coordination Committee.",دعا المبعوث الخاص لليمن إسماعيل ولد الشيخ أحمد إلى وقف إطلاق النار لمدة 72 ساعة وإعادة تفعيل لجنة ظهران الجنوب للتهدئة والتنسيق,Event,
,,,,,,,,,,,,,,
2016,10,25,,2016,10,25,,,Quad roadmap initiative announced,إعلان مبادرة المجموعة الرباعية ,"The 'Quad' consisting of Saudi Arabia, the UAE, UK and US, announce a new roadmap.",اعلنت المجموعة الرباعية التي تضم السعودية والإمارات والمملكة المتحدة والولايات المتحدة عن خارطة طريق جديدة.,Event,
,,,,,,,,,,,,,,
2016,11,16,,2016,11,16,,,Statement,,Prenegotiation Agreement,,Agreement,Prenegotiation
,,,,,,,,,,,,,,
2017,1,23,,2017,1,23,,,Mokha captured by pro-Hadi forces,تستولي قوات موالية لهادي على المخا,Hadi Loyalist forces seize Mokha port on the west coast.,تستولي قوات موالية لهادي على ميناء المخا على الساحل الغربي.,Event,
,,,,,,,,,,,,,,
2017,1,29,,2017,1,29,,,Navy SEAL raid in al-Baydah,غارة تابعة للبحرية الأمريكية في البيضة,A Navy SEAL is reported killed in US raid on suspected AQAP targets in al-Baydah. The attack reportedly killed 10 Yemeni women and children.,قُتل جندي من القوات البحرية الأمريكية في غارة أمريكية على أهداف يشتبه أنها تابعة لتنظيم القاعدة في شبه الجزيرة العربية في البيضاء وأسفر الهجوم عن مقتل 10 نساء وأطفال يمنيين.,Event,
,,,,,,,,,,,,,,
2017,3,18,,2017,3,18,,,42 Somalis killed in helicopter attack on boat,مقتل 42 صوماليا على متن قارب في هجوم بطائرة عمودية ,"A helicopter gunship attacks a boat off the coast of Yemen, killing 42 Somalis.",هجوم طائرة عمودية هجومية على قارب قبالة سواحل اليمن مما أسفر عن مقتل 42 صوماليا.,Event,
,,,,,,,,,,,,,,
2017,4,4,,2017,4,4,,,Aden Historic Declaration issued forming Southern Transitional Council,إعلان عدن التاريخي الذي شكل المجلس الانتقالي الجنوبي ,"Aden Historic Declaration is read in Aden, announcing the formation of the Southern Transitional Council, by former-Governor Aydrus al-Zubaydi.","أصدر المحافظ السابق لمحافظة عدن عيدروس الزبيدي إعلان عدن التاريخي في مدينة عدن، معلنا تشكيل المجلس الانتقالي الجنوبي",Event,
,,,,,,,,,,,,,,
2017,11,4,,2017,11,4,,,Missile attack on Riyadh airport,هجوم صاروخي على مطار الرياض,Ansar Allah fire missile on King Khalid International Airport in Riyadh.,أطلق أنصار الله صاروخ على مطار الملك خالد الدولي بالرياض.,Event,
,,,,,,,,,,,,,,
2017,11,6,,2017,11,6,,,Humanitarian aid blocked by Arab Coalition,منع التحالف العربي المساعدات الإنسانية,Arab Coalition prevents planes carrying humanitarian aid from landing in Yemen.,التحالف العربي يمنع الطائرات التي تحمل مساعدات إنسانية من الهبوط في اليمن,Event,
,,,,,,,,,,,,,,
2017,11,28,,2017,11,28,,,Saleh defects from Houthi-GPC alliance,ينهي صالح التحالف بين الحوثيين والمؤتمر الشعبي العام,President Saleh announces his defection from the Houthis sparking a firefight in Sanaa.,أعلن الرئيس صالح عن انشقاقه من الحوثيين مما أدى إلى نشوب معركة في صنعاء.,Event,
,,,,,,,,,,,,,,
2017,12,4,,2017,12,4,,,Saleh killed,مقتل صالح,President Saleh is assassinated by Houthi gunmen in Sanaa.,اغتيل الرئيس صالح من قبل مسلحين من الحوثيين  في صنعاء.,Event,
,,,,,,,,,,,,,,
2017,12,6,,2017,12,6,,,Hodeidah offensive launched by Arab Coalition,بدأ هجوم الحديدة الذي أطلقه التحالف العربي ,Arab Coalition launch the offensive to re-take Hodeidah governorate.,أطلق التحالف العربي هجوم لإعادة السيطرة على محافظة الحديدة.,Event,
,,,,,,,,,,,,,,
2017,12,21,,2017,12,21,,,"Cholera kills at least 2,200",يقتل مرض الكوليرا ما لا يقل عن 2200,"ICRC announces that 1 million cases of cholera have been reported since outbreak in spring 2017, with 2,200 deaths.","أعلنت اللجنة الدولية للصليب الأحمر أنه تم الإبلاغ عن مليون حالة من الكوليرا منذ تفشي المرض في ربيع عام 2017، بما في ذلك 2200 حالة وفاة.",Event,
,,,,,,,,,,,,,,
2018,1,1,,2018,1,1,,,Firefight between Southern Transitional Council and Yemeni government,معارك بين المجلس الانتقالي الجنوبي والحكومة اليمنية,"Rifts between the Southern Transitional Council and Yemeni government intensify after the STC prohibits the holding of a cabinet meeting at the Presidential Palace in Aden and demand the sacking of Prime Minister Ahmed bin Daghr. Fighting breaks out on January 28. STC-aligned forces manage to capture two military camps to the north of the city, as well as break through the initial defenses of the Presidential Palace. The Arab Coalition intervenes and mediates a ceasefire.","تصاعدت الخلافات بين المجلس الانتقالي الجنوبي والحكومة اليمنية بعد حظر المجلس الانتقالي عقد اجتماع لمجلس الوزراء في قصر الرئاسة في عدن ومطالبته بإقالة رئيس الوزراء أحمد بن دغر.  انفجر القتال في 28 يناير وتمكنت قوات متحالفة مع المجلس الانتقالي الجنوبي من إلقاء القبض على معسكرين شمال المدينة، بالإضافة إلى اختراق خط الدفاع الأول للقصر الرئاسي. تدخل التحالف العربي وتوسط لوقف إطلاق النار.",Event,
,,,,,,,,,,,,,,
2018,1,18,,2018,1,18,,,"Agreement regarding the Exchange of Prisoners, Detainees, Remains and Missing Persons",,Ceasefire Agreement,,Agreement,Ceasefire
,,,,,,,,,,,,,,
2018,2,18,,2018,2,18,,,Martin Griffiths becomes UN Special Envoy,تعيين مارتن غريفيث كمبعوث خاص للأمم المتحدة,Martin Griffiths is appointed as Secretary-General Special Envoy to Yemen.,تم تعيين مارتن غريفيث كمبعوث خاص للأمين العام لليمن.,Event,
,,,,,,,,,,,,,,
2018,4,3,,2018,4,3,,,22 million Yemenis require aid,22 مليون يمني يحتاجون إلى المساعدة الانسانية,22 million Yemenis are reported as requiring humanitarian aid and 18 million are food insecure.,يقال أن 22 مليون يمني بحاجة إلى مساعدات إنسانية وأن 18 مليوناً يعانون من انعدام الأمن الغذائي,Event,
,,,,,,,,,,,,,,
2018,4,30,,2018,4,30,,,UAE takes Socotra Island,دولة الإمارات العربية المتحدة تأخذ جزيرة سقطرى,UAE take Socotra Island,تأخذ الإمارات العربية المتحدة جزيرة سقطرى,Event,
,,,,,,,,,,,,,,
2018,7,3,,2018,7,3,,,Arab Coalition bomb wedding,يقصف التحالف العربي حفل زفاف,Arab Coalition airstrike hits a wedding in Sadaa killing 8.,تضرب غارة جوية للتحالف العربي حفل زفاف في صعدة وتقتل 8 أشخاص.,Event,
,,,,,,,,,,,,,,
2018,7,25,,2018,7,25,,,Bab al-Mandeb shipping suspended,تعليق الشحن عبر باب المندب,Shipping suspending in Bab al-Mandeb following a Houthi attack on two Saudi National Shipping Corporation Tankers.,توقيف الشحن في باب المندب إثر هجوم الحوثيين على ناقلتين تابعتين لشركة الملاحة الوطنية السعودية.,Event,
,,,,,,,,,,,,,,
2018,8,9,,2018,8,9,,,Arab Coalition strikes bus,يقصف التحالف العربي حافلة,"Coalition airstrike in Sadaa hits bus killing 51, including children.",تضرب غارة جوية للتحالف العربي حافلة في صعدة تضرب وتقتل 51 شخصا بينهم أطفال.,Event,
,,,,,,,,,,,,,,
2018,12,6,,2018,12,6,,,Stockholm peace talks begin,تبدأ محادثات ستوكهولم للسلام,"Talks begin in Stockholm Sweden, resulting in preliminary agreements on the situations of Taiz and Hodeidah as well as a prisoner release",تبدأ المحادثات في ستوكهولم في السويد وأدت إلى اتفاقات مبدئية على حالات تعز والحديدة وكذلك الإفراج عن السجناء,Event,
,,,,,,,,,,,,,,
2018,12,13,,2018,12,13,,,Stockholm Agreement,اتفاق ستوكهولم,Prenegotiation Agreement,اتفاق المفاوضات التمهيدية,Agreement,Prenegotiation
,,,,,,,,,,,,,,
2018,12,13,,2018,12,13,,,"Agreement on the City of Hodeidah and Ports of Hodeidah, Salif, and Ras Isa (Hodeidah Agreement)",اتفاق حول مدينة الحديدة موانئ الحديدة والصليف ورأس عيسى,Ceasefire Agreement,اتفاق وقف إطلاق النار,Agreement,Ceasefire
,,,,,,,,,,,,,,
2018,12,13,,2018,12,13,,,Statement of Understanding on Ta'iz,اعلان تفاهمات حول تعز,Prenegotiation Agreement,اتفاق المفاوضات التمهيدية,Agreement,Prenegotiation
,,,,,,,,,,,,,,
2018,12,17,,2018,12,17,,,"Agreement for the exchange prisoners, detainees, missing persons, arbitrarily detained and forcibly disappeared persons, and those under house arrest",,Prenegotiation Agreement,,Agreement,Prenegotiation
,,,,,,,,,,,,,,
2018,12,18,,2018,12,18,,,Hodeidah ceasefire comes into effect,يبدأ سريان وقف إطلاق في الحديدة,"Ceasefire comes into effect for Hodeidah. On December 22, a UN task team is deployed to the city.","يبدأ سريان وقف إطلاق النار في الحديدة وفي 22 ديسمبر، يصل فريق عمل تابع للأمم المتحدة إلى المدينة",Event,
,,,,,,,,,,,,,,
2019,1,16,,2019,1,16,,,UN Security Council Resolution 2452,قرار مجلس الأمن 2452,Ceasefire Agreement,اتفاقية وقف إطلاق النار,Agreement,Ceasefire