,AgtId,Year,Status,Agtp,Stage,GeWom,GeMe,GeSo,GeFa
1,1,1998,Multiparty signed/agreed,Intra,Imp,0,0,0,0
2,2,1995,Multiparty signed/agreed,Intra,Imp,1,1,0,0
3,3,1997,Multiparty signed/agreed,InterIntra,Ren,0,0,0,0
4,4,1999,Unilateral document,InterIntra,Imp,0,0,0,0
5,5,1999,Unilateral document,InterIntra,SubPar,0,0,0,0
6,6,1999,Unilateral document,Intra,Pre,0,0,0,0
7,8,1994,Multiparty signed/agreed,Intra,SubComp,0,0,0,0
8,9,1997,Multiparty signed/agreed,Intra,Pre,0,0,0,0
9,10,1992,Multiparty signed/agreed,Intra,Cea,0,0,0,0
10,12,1993,Multiparty signed/agreed,Intra,SubPar,0,0,0,0
11,13,1994,Multiparty signed/agreed,Intra,Pre,0,0,0,0
12,17,1998,Multiparty signed/agreed,Intra,Pre,0,0,0,0
13,18,1998,Multiparty signed/agreed,Intra,SubPar,0,0,0,0
14,19,1998,Multiparty signed/agreed,Intra,Pre,0,0,0,0
15,20,1998,Multiparty signed/agreed,Intra,Cea,0,0,0,0
16,21,1998,Multiparty signed/agreed,Intra,Pre,0,0,0,0
17,22,1998,Multiparty signed/agreed,Intra,Cea,0,0,0,0
18,23,1998,Multiparty signed/agreed,Intra,Pre,0,0,0,0
19,24,1998,Multiparty signed/agreed,Intra,Pre,0,0,0,0
20,25,1998,Multiparty signed/agreed,Intra,Cea,0,0,0,0
21,27,1993,Multiparty signed/agreed,Intra,SubPar,0,0,0,0
22,28,1992,Multiparty signed/agreed,Intra,SubPar,0,0,0,0
23,29,1992,Multiparty signed/agreed,Intra,SubPar,0,0,0,0
24,30,1993,Multiparty signed/agreed,Intra,Imp,0,0,0,0
25,31,1993,Multiparty signed/agreed,Intra,Pre,0,0,0,0
26,32,1998,Multiparty signed/agreed,Inter,Imp,0,0,0,0
27,33,1991,Multiparty signed/agreed,InterIntra,Pre,0,0,0,0
28,34,1993,Multiparty signed/agreed,Intra,Pre,0,0,0,0
29,35,1995,Multiparty signed/agreed,Intra,SubPar,0,0,0,0
30,36,1994,Multiparty signed/agreed,Intra,Pre,1,0,0,1
31,38,1991,Multiparty signed/agreed,Intra,Cea,0,1,0,0
32,39,1991,Multiparty signed/agreed,InterIntra,Pre,0,0,0,0
33,40,1991,Multiparty signed/agreed,InterIntra,SubPar,0,0,0,0
34,41,1992,Multiparty signed/agreed,InterIntra,Imp,0,0,0,0
35,42,1994,Multiparty signed/agreed,InterIntra,SubPar,0,0,0,1
36,43,1997,Multiparty signed/agreed,InterIntra,Pre,0,0,0,0
37,46,1991,Multiparty signed/agreed,Intra,Pre,0,0,0,0
38,62,1999,Multiparty signed/agreed,Intra,Imp,0,0,0,0
39,63,1999,Multiparty signed/agreed,Intra,Imp,0,0,0,0
40,70,1998,Multiparty signed/agreed,Intra,Pre,0,0,0,0
41,75,1997,Multiparty signed/agreed,Intra,Pre,1,0,0,0
42,77,1995,Multiparty signed/agreed,Intra,Pre,0,0,0,0
43,78,1995,Multiparty signed/agreed,Intra,Pre,0,0,0,0
44,79,1998,Multiparty signed/agreed,Intra,Imp,0,0,0,0
45,80,2000,Multiparty signed/agreed,Intra,SubPar,0,0,0,1
46,85,2006,Multiparty signed/agreed,Intra,Cea,0,0,0,1
47,86,2006,Multiparty signed/agreed,Intra,Pre,1,0,0,0
48,87,2006,Multiparty signed/agreed,Intra,SubPar,1,0,0,1
49,88,2006,Multiparty signed/agreed,Intra,Imp,1,0,0,0
50,89,2006,Multiparty signed/agreed,Intra,Pre,0,0,0,0
51,90,2004,Multiparty signed/agreed,Intra,Ren,0,0,0,0
52,91,2004,Multiparty signed/agreed,Intra,Imp,1,0,0,0
53,92,2004,Multiparty signed/agreed,Intra,Cea,0,0,0,0
54,94,2005,Multiparty signed/agreed,Intra,Pre,1,0,0,1
55,98,2004,Multiparty signed/agreed,Intra,Imp,1,1,0,1
56,99,2004,Multiparty signed/agreed,Intra,Pre,1,0,0,0
57,100,2002,Multiparty signed/agreed,Intra,Pre,0,0,0,0
58,101,2002,Multiparty signed/agreed,Intra,Pre,0,0,0,0
59,102,2001,Multiparty signed/agreed,Intra,Pre,0,0,0,0
60,103,2001,Multiparty signed/agreed,Intra,Cea,0,0,0,0
61,104,2001,Multiparty signed/agreed,Intra,Cea,0,0,0,0
62,105,2001,Multiparty signed/agreed,Intra,Cea,0,0,0,0
63,106,2001,Multiparty signed/agreed,Intra,Cea,0,0,0,0
64,107,2001,Multiparty signed/agreed,Intra,Pre,0,0,0,0
65,108,2001,Multiparty signed/agreed,Intra,Cea,1,0,0,0
66,109,2001,Multiparty signed/agreed,Intra,Pre,0,0,0,0
67,110,2000,Multiparty signed/agreed,Intra,Pre,0,0,0,0
68,111,2000,Multiparty signed/agreed,Intra,Pre,0,0,0,0
69,112,2000,Multiparty signed/agreed,Intra,Pre,0,0,0,0
70,113,2000,Multiparty signed/agreed,Intra,Cea,0,0,0,0
71,114,2000,Multiparty signed/agreed,Intra,Pre,0,0,0,0
72,118,1991,Unilateral document,InterIntra,Imp,0,0,0,0
73,119,2007,Multiparty signed/agreed,Intra,SubPar,0,0,0,0
74,121,1999,Multiparty signed/agreed,InterIntra,Imp,0,0,0,1
75,122,2006,Multiparty signed/agreed,InterIntra,Imp,0,0,0,0
76,123,2006,Multiparty signed/agreed,InterIntra,Pre,0,0,0,0
77,124,2004,Agreement with subsequent status,InterIntra,Imp,0,0,0,0
78,125,2001,Multiparty signed/agreed,InterIntra,Imp,0,0,0,1
79,126,2006,Multiparty signed/agreed,Intra,Imp,0,0,0,0
80,127,1993,Multiparty signed/agreed,InterIntra,Pre,1,0,0,0
81,128,1995,Multiparty signed/agreed,InterIntra,Pre,1,0,0,0
82,129,1997,Multiparty signed/agreed,InterIntra,Pre,0,0,0,0
83,130,1999,Multiparty signed/agreed,InterIntra,Imp,0,0,0,0
84,131,1999,Multiparty signed/agreed,InterIntra,Imp,0,0,0,0
85,132,2003,Multiparty signed/agreed,InterIntra,Imp,1,0,0,0
86,133,2007,Multiparty signed/agreed,InterIntra,Pre,0,0,0,0
87,134,2003,Multiparty signed/agreed,InterIntra,Imp,0,0,0,0
88,135,2003,Multiparty signed/agreed,InterIntra,Imp,0,0,0,0
89,136,1996,Unilateral document,Intra,Pre,0,0,0,1
90,137,2007,Multiparty signed/agreed,Intra,SubPar,1,0,0,0
91,138,2005,Multiparty signed/agreed,Intra,SubPar,0,0,0,0
92,139,2005,Multiparty signed/agreed,Intra,SubPar,0,0,0,0
93,141,1998,Multiparty signed/agreed,Inter,Imp,0,0,0,0
94,143,1998,Multiparty signed/agreed,Inter,SubPar,0,0,0,0
95,145,2001,Multiparty signed/agreed,Intra,Pre,0,0,0,0
96,146,2004,Multiparty signed/agreed,Intra,SubPar,0,0,0,0
97,147,1994,Multiparty signed/agreed,Intra,SubComp,0,0,0,0
98,148,1994,Multiparty signed/agreed,Intra,SubPar,0,0,0,1
99,149,1991,Multiparty signed/agreed,Intra,SubComp,0,0,0,1
100,150,1998,Multiparty signed/agreed,Intra,SubComp,0,0,0,1
101,151,1991,Multiparty signed/agreed,Intra,SubComp,1,0,0,1
102,152,1991,Multiparty signed/agreed,Intra,SubComp,0,0,0,1
103,153,2002,Multiparty signed/agreed,Intra,Pre,0,0,0,0
104,154,2001,Multiparty signed/agreed,Intra,Pre,0,0,0,0
105,155,1999,Multiparty signed/agreed,Intra,Pre,0,0,0,0
106,156,1998,Multiparty signed/agreed,Intra,Pre,1,0,0,0
107,157,2002,Multiparty signed/agreed,Intra,Pre,0,0,0,0
108,158,1991,Multiparty signed/agreed,Intra,Pre,0,0,0,0
109,159,2001,Multiparty signed/agreed,Intra,Pre,0,0,0,0
110,160,2000,Multiparty signed/agreed,Intra,Pre,0,0,0,0
111,161,2000,Multiparty signed/agreed,Intra,Pre,0,0,0,0
112,162,1999,Multiparty signed/agreed,Intra,Imp,0,0,0,0
113,163,1991,Multiparty signed/agreed,Intra,SubComp,1,0,0,1
114,164,1992,Multiparty signed/agreed,Intra,Imp,0,0,0,0
115,165,1999,Multiparty signed/agreed,Intra,Ren,0,0,0,0
116,166,1991,Multiparty signed/agreed,Intra,Pre,0,0,0,0
117,167,2003,Multiparty signed/agreed,Intra,Pre,0,0,0,0
118,168,1990,Multiparty signed/agreed,Intra,SubComp,0,0,0,0
119,170,2001,Multiparty signed/agreed,Intra,SubPar,0,0,0,1
120,171,1998,Multiparty signed/agreed,Intra,Pre,0,0,0,0
121,172,2000,Multiparty signed/agreed,Intra,Pre,0,0,0,0
122,173,1994,Multiparty signed/agreed,Intra,SubComp,0,0,0,1
123,174,2000,Multiparty signed/agreed,Intra,Pre,0,0,0,0
124,176,1999,Multiparty signed/agreed,Intra,Pre,0,0,0,0
125,177,1999,Multiparty signed/agreed,Intra,Pre,0,0,0,0
126,178,1999,Multiparty signed/agreed,Intra,Pre,0,0,0,0
127,179,1999,Multiparty signed/agreed,Intra,Pre,0,0,0,0
128,180,1999,Multiparty signed/agreed,Intra,Pre,0,0,0,0
129,183,2000,Multiparty signed/agreed,Intra,Pre,0,0,0,0
130,184,2001,Multiparty signed/agreed,Intra,Pre,0,0,0,0
131,185,1998,Multiparty signed/agreed,Intra,SubPar,0,0,0,0
132,186,1991,Multiparty signed/agreed,Intra,Pre,1,0,0,0
133,187,1993,Multiparty signed/agreed,Intra,Cea,0,0,0,0
134,188,1997,Multiparty signed/agreed,Intra,SubPar,0,0,0,0
135,189,1999,Multiparty signed/agreed,Intra,Pre,0,0,0,0
136,190,2002,Multiparty signed/agreed,Intra,Pre,0,0,0,0
137,191,2003,Multiparty signed/agreed,Intra,Pre,0,0,0,0
138,192,2003,Unilateral document,Intra,Pre,0,0,0,0
139,194,1995,Multiparty signed/agreed,Intra,Imp,0,0,0,0
140,195,2003,Multiparty signed/agreed,Intra,Imp,0,0,0,0
141,196,1991,Multiparty signed/agreed,Intra,Imp,0,0,0,0
142,197,2000,Multiparty signed/agreed,Intra,SubComp,0,0,0,0
143,198,1999,Multiparty signed/agreed,Intra,Cea,0,0,0,0
144,199,2002,Multiparty signed/agreed,Intra,Cea,0,0,0,0
145,200,2003,Multiparty signed/agreed,Intra,Cea,0,0,0,0
146,201,1999,Multiparty signed/agreed,Intra,Cea,0,1,0,0
147,202,2004,Multiparty signed/agreed,Intra,SubPar,1,0,0,0
148,203,1994,Multiparty signed/agreed,Intra,SubPar,0,0,0,0
149,204,1995,Multiparty signed/agreed,Intra,SubComp,0,0,0,0
150,206,1991,Multiparty signed/agreed,Intra,Cea,0,0,0,0
151,207,1991,Multiparty signed/agreed,Intra,SubPar,0,0,0,0
152,208,2002,Multiparty signed/agreed,Intra,Pre,0,0,0,0
153,209,1994,Multiparty signed/agreed,Intra,Imp,0,0,0,0
154,210,2004,Multiparty signed/agreed,Intra,Imp,0,0,0,0
155,211,1997,Multiparty signed/agreed,Intra,Pre,1,0,0,1
156,212,1998,Multiparty signed/agreed,Inter,SubComp,0,0,0,0
157,213,2001,Multiparty signed/agreed,Intra,Pre,1,0,0,0
158,214,1996,Multiparty signed/agreed,Intra,SubPar,1,0,0,0
159,215,1990,Multiparty signed/agreed,Intra,Pre,0,0,0,0
160,216,1993,Multiparty signed/agreed,Intra,SubComp,1,0,0,0
161,218,1998,Multiparty signed/agreed,Intra,SubPar,0,0,0,0
162,219,1997,Multiparty signed/agreed,Intra,Imp,0,0,0,0
163,220,1991,Multiparty signed/agreed,Intra,Pre,0,0,0,0
164,221,2000,Multiparty signed/agreed,Inter,SubPar,0,0,0,0
165,222,1993,Multiparty signed/agreed,InterIntra,Pre,0,0,0,0
166,223,1994,Multiparty signed/agreed,Inter,SubPar,0,0,0,0
167,224,1992,Multiparty signed/agreed,InterIntra,SubPar,0,0,0,0
168,225,2001,Multiparty signed/agreed,Intra,Pre,0,0,0,0
169,226,1996,Multiparty signed/agreed,Intra,Imp,1,0,0,0
170,227,1996,Multiparty signed/agreed,Intra,Cea,0,0,0,0
171,232,1994,Multiparty signed/agreed,InterIntra,Pre,0,0,0,0
172,233,2003,Multiparty signed/agreed,Intra,Imp,0,0,0,0
173,234,1996,Multiparty signed/agreed,Inter,Pre,0,0,0,0
174,235,1999,Multiparty signed/agreed,InterIntra,SubPar,0,0,0,1
175,236,2002,Multiparty signed/agreed,InterIntra,Imp,0,0,0,0
176,237,1994,Multiparty signed/agreed,Inter,Imp,0,0,0,0
177,238,1997,Multiparty signed/agreed,Intra,SubComp,1,0,0,1
178,239,1996,Multiparty signed/agreed,Intra,Pre,0,0,0,0
179,240,2006,Multiparty signed/agreed,Inter,Imp,0,0,0,0
180,241,1999,Multiparty signed/agreed,InterIntra,SubPar,1,0,0,1
181,242,1997,Multiparty signed/agreed,Intra,Pre,0,1,0,0
182,243,1991,Multiparty signed/agreed,InterIntra,SubPar,0,0,0,0
183,244,1997,Multiparty signed/agreed,Intra,Cea,0,1,0,0
184,245,1994,Multiparty signed/agreed,Intra,SubComp,0,0,0,1
185,246,1993,Multiparty signed/agreed,Intra,Imp,0,0,0,0
186,247,1994,Multiparty signed/agreed,Intra,Cea,0,0,0,0
187,248,2002,Multiparty signed/agreed,Intra,Cea,0,0,0,1
188,249,1993,Multiparty signed/agreed,Intra,Cea,0,0,0,0
189,250,1994,Multiparty signed/agreed,Intra,Cea,0,0,0,0
190,251,1996,Multiparty signed/agreed,Intra,Cea,0,0,0,0
191,252,1991,Multiparty signed/agreed,InterIntra,SubComp,1,0,0,1
192,253,1996,Multiparty signed/agreed,Intra,Cea,0,0,0,0
193,254,1996,Multiparty signed/agreed,Intra,SubComp,1,0,0,0
194,255,1991,Multiparty signed/agreed,Intra,Pre,0,0,0,0
195,256,1990,Multiparty signed/agreed,Intra,Cea,0,0,0,0
196,257,1994,Multiparty signed/agreed,Intra,Cea,0,0,0,0
197,258,1994,Multiparty signed/agreed,Intra,Pre,0,0,0,0
198,259,2003,Multiparty signed/agreed,Intra,Cea,0,0,0,0
199,260,1999,Multiparty signed/agreed,Intra,Cea,0,0,0,0
200,261,2000,Multiparty signed/agreed,Inter,Cea,0,0,0,0
201,262,2006,Multiparty signed/agreed,Intra,Cea,0,0,0,0
202,263,1996,Multiparty signed/agreed,Intra,SubPar,0,0,0,0
203,264,1990,Multiparty signed/agreed,InterIntra,SubPar,0,0,0,0
204,265,1990,Multiparty signed/agreed,Intra,SubPar,0,0,0,0
205,267,1993,Multiparty signed/agreed,Intra,Cea,0,0,0,0
206,269,2001,Multiparty signed/agreed,Intra,SubPar,0,0,0,0
207,270,2004,Multiparty signed/agreed,Intra,Cea,1,0,0,1
208,271,1994,Multiparty signed/agreed,Intra,Imp,1,0,0,1
209,272,2001,Multiparty signed/agreed,Intra,SubPar,1,0,0,1
210,273,1994,Multiparty signed/agreed,Intra,SubPar,1,0,0,0
211,274,2000,Multiparty signed/agreed,Intra,Pre,1,0,0,0
212,275,2003,Multiparty signed/agreed,Intra,SubPar,0,0,0,0
213,276,1997,Multiparty signed/agreed,InterIntra,Imp,0,0,0,0
214,277,1997,Multiparty signed/agreed,Intra,Imp,0,0,0,0
215,278,1996,Multiparty signed/agreed,Intra,SubPar,1,0,0,1
216,279,1994,Multiparty signed/agreed,Intra,Cea,0,0,0,0
217,280,1993,Multiparty signed/agreed,Intra,Pre,0,0,0,0
218,281,1994,Multiparty signed/agreed,Intra,SubPar,0,0,0,0
219,282,2001,Multiparty signed/agreed,Intra,Pre,0,1,0,0
220,283,1995,Multiparty signed/agreed,Intra,SubPar,1,0,0,0
221,284,1996,Multiparty signed/agreed,Intra,Imp,1,0,0,1
222,285,1992,Multiparty signed/agreed,InterIntra,SubPar,0,0,0,0
223,286,1993,Multiparty signed/agreed,Inter,Pre,0,0,0,0
224,287,1996,Multiparty signed/agreed,InterIntra,SubPar,0,0,0,0
225,288,1995,Multiparty signed/agreed,Intra,Pre,0,0,0,0
226,289,1991,Multiparty signed/agreed,Intra,Pre,0,0,0,0
227,291,1996,Multiparty signed/agreed,Intra,SubPar,1,0,0,0
228,292,1996,Multiparty signed/agreed,Intra,SubPar,1,0,0,0
229,293,1996,Multiparty signed/agreed,Intra,SubPar,0,0,0,0
230,294,1999,Multiparty signed/agreed,Intra,SubPar,0,0,0,0
231,295,1990,Multiparty signed/agreed,Intra,Pre,0,0,0,0
232,296,1994,Multiparty signed/agreed,Intra,SubPar,0,0,0,0
233,297,1998,Multiparty signed/agreed,Intra,Imp,0,0,0,0
234,298,1998,Multiparty signed/agreed,Intra,Cea,0,0,0,0
235,299,1999,Multiparty signed/agreed,Intra,Imp,0,0,0,0
236,300,1999,Multiparty signed/agreed,Intra,Pre,0,0,0,0
237,301,1999,Multiparty signed/agreed,Intra,Pre,0,0,0,0
238,302,1995,Multiparty signed/agreed,Intra,Pre,0,0,0,1
239,303,1994,Multiparty signed/agreed,Intra,Pre,1,0,0,0
240,304,1994,Multiparty signed/agreed,Intra,Imp,0,0,0,0
241,305,2002,Multiparty signed/agreed,Intra,Imp,0,0,0,0
242,306,2000,Multiparty signed/agreed,Intra,SubComp,1,1,0,1
243,307,1998,Multiparty signed/agreed,Intra,Pre,0,0,0,0
244,309,1990,Multiparty signed/agreed,Intra,Pre,0,0,0,0
245,310,1994,Multiparty signed/agreed,InterIntra,Cea,0,0,0,0
246,311,1996,Multiparty signed/agreed,Intra,Imp,0,0,0,0
247,312,2001,Multiparty signed/agreed,Intra,SubComp,1,0,0,1
248,313,1996,Multiparty signed/agreed,Intra,Pre,0,0,0,0
249,314,1998,Multiparty signed/agreed,Intra,Pre,0,0,0,0
250,315,1997,Multiparty signed/agreed,Intra,Pre,0,0,0,0
251,316,1995,Multiparty signed/agreed,Intra,Pre,0,0,0,0
252,317,1997,Multiparty signed/agreed,Intra,SubPar,0,0,0,0
253,318,1991,Multiparty signed/agreed,Intra,Cea,0,0,0,0
254,319,1999,Multiparty signed/agreed,Intra,Cea,1,0,0,0
255,320,2000,Multiparty signed/agreed,Intra,Cea,0,0,0,0
256,321,2002,Multiparty signed/agreed,Intra,Cea,1,0,0,0
257,322,1995,Multiparty signed/agreed,Intra,Cea,0,0,0,0
258,323,1998,Multiparty signed/agreed,Intra,Cea,0,0,0,0
259,324,1994,Multiparty signed/agreed,Intra,Cea,0,0,0,0
260,325,2002,Multiparty signed/agreed,Intra,Cea,1,0,0,0
261,326,1994,Multiparty signed/agreed,Intra,SubPar,0,0,0,0
262,327,1996,Multiparty signed/agreed,Intra,SubPar,1,0,0,1
263,329,1998,Unilateral document,InterIntra,Cea,0,0,0,0
264,330,1997,Multiparty signed/agreed,Intra,Imp,0,0,0,0
265,331,2006,Multiparty signed/agreed,Intra,Pre,0,0,0,0
266,332,1992,Multiparty signed/agreed,Intra,Imp,0,0,0,0
267,333,2006,Multiparty signed/agreed,Intra,SubComp,1,0,0,1
268,334,1994,Multiparty signed/agreed,Intra,SubPar,0,0,0,0
269,335,1998,Multiparty signed/agreed,Intra,SubPar,1,0,1,1
270,336,2006,Multiparty signed/agreed,Intra,Cea,1,1,0,1
271,337,2005,Multiparty signed/agreed,Intra,SubComp,1,1,0,1
272,338,2003,Multiparty signed/agreed,Intra,SubComp,1,1,0,0
273,339,1997,Multiparty signed/agreed,Intra,SubPar,0,0,0,1
274,340,1997,Multiparty signed/agreed,Intra,SubPar,0,0,0,0
275,342,1997,Multiparty signed/agreed,Intra,SubPar,0,0,0,0
276,343,2005,Multiparty signed/agreed,Intra,SubComp,1,1,0,1
277,346,1993,Multiparty signed/agreed,Intra,SubPar,0,0,0,0
278,348,1991,Multiparty signed/agreed,Intra,Pre,0,0,0,0
279,349,2004,Multiparty signed/agreed,InterIntra,SubPar,1,0,0,0
280,350,2006,Multiparty signed/agreed,Intra,SubComp,1,1,0,1
281,352,1995,Multiparty signed/agreed,Inter,Cea,0,0,0,0
282,353,1995,Multiparty signed/agreed,Inter,Cea,0,0,0,0
283,354,1992,Multiparty signed/agreed,Intra,Pre,0,0,0,0
284,355,1995,Multiparty signed/agreed,Intra,Cea,0,0,0,0
285,356,2001,Multiparty signed/agreed,Intra,Pre,0,0,0,0
286,357,1993,Multiparty signed/agreed,Intra,SubPar,0,0,0,0
287,359,2002,Multiparty signed/agreed,Intra,SubPar,0,0,0,0
288,360,1996,Multiparty signed/agreed,InterIntra,SubPar,0,0,0,0
289,361,1994,Multiparty signed/agreed,Intra,Pre,0,0,0,0
290,362,2004,Multiparty signed/agreed,Intra,Ren,0,0,0,0
291,363,2005,Multiparty signed/agreed,Intra,Imp,0,0,0,0
292,364,1991,Multiparty signed/agreed,InterIntra,SubPar,0,0,0,0
293,365,1996,Unilateral document,Intra,Pre,0,0,0,0
294,366,1990,Multiparty signed/agreed,Intra,Cea,0,0,0,1
295,367,1999,Multiparty signed/agreed,Intra,Pre,0,0,0,0
296,370,1998,Multiparty signed/agreed,Intra,SubPar,1,0,0,0
297,371,1996,Status unclear,Intra,Pre,1,1,0,1
298,372,1999,Multiparty signed/agreed,Intra,Pre,0,0,0,0
299,373,2006,Multiparty signed/agreed,Intra,SubComp,1,0,0,0
300,374,1997,Multiparty signed/agreed,InterIntra,SubPar,0,0,0,0
301,375,1990,Multiparty signed/agreed,Intra,Cea,0,0,0,1
302,377,1990,Multiparty signed/agreed,Intra,Imp,0,0,0,0
303,378,1991,Unilateral document,InterIntra,SubComp,0,0,0,0
304,379,2006,Multiparty signed/agreed,Intra,Pre,0,0,0,0
305,380,1998,Multiparty signed/agreed,Intra,Pre,1,0,0,0
306,381,2001,Multiparty signed/agreed,Intra,SubComp,0,0,0,0
307,382,1994,Multiparty signed/agreed,Intra,Pre,0,0,0,0
308,383,1991,Multiparty signed/agreed,Intra,Ren,0,0,0,0
309,384,1998,Multiparty signed/agreed,Intra,Imp,1,0,0,0
310,385,2004,Multiparty signed/agreed,Intra,SubPar,1,0,0,0
311,386,2000,Multiparty signed/agreed,Intra,Pre,0,0,0,0
312,387,1990,Multiparty signed/agreed,Intra,Pre,0,0,0,0
313,388,1997,Multiparty signed/agreed,Intra,SubPar,0,0,0,0
314,389,1995,Multiparty signed/agreed,Intra,SubComp,1,0,0,1
315,390,1998,Multiparty signed/agreed,Intra,Pre,0,0,0,0
316,392,1992,Multiparty signed/agreed,Intra,SubComp,0,0,0,0
317,393,1990,Multiparty signed/agreed,Intra,Pre,0,0,0,0
318,394,2002,Multiparty signed/agreed,Intra,SubPar,1,0,0,0
319,395,1990,Multiparty signed/agreed,Intra,Pre,0,0,0,0
320,396,2001,Multiparty signed/agreed,Intra,Pre,0,0,0,0
321,397,1994,Multiparty signed/agreed,Intra,Cea,1,1,0,0
322,399,1999,Multiparty signed/agreed,Intra,SubPar,0,0,0,0
323,400,1997,Multiparty signed/agreed,Intra,Imp,0,0,0,0
324,401,2002,Multiparty signed/agreed,Intra,Imp,0,0,0,1
325,402,2001,Multiparty signed/agreed,Intra,Imp,1,0,0,0
326,403,1997,Multiparty signed/agreed,Intra,Cea,0,0,0,0
327,404,2003,Multiparty signed/agreed,Intra,SubComp,1,1,0,1
328,405,1999,Agreement with subsequent status,Intra,SubComp,1,0,0,0
329,406,1997,Multiparty signed/agreed,Intra,Cea,0,0,0,0
330,407,1993,Multiparty signed/agreed,Intra,SubComp,1,1,1,1
331,408,2000,Multiparty signed/agreed,Inter,Imp,0,0,0,0
332,409,1993,Multiparty signed/agreed,Intra,SubPar,0,0,0,0
333,410,1995,Multiparty signed/agreed,Intra,SubPar,0,0,0,0
334,411,1996,Multiparty signed/agreed,Inter,Cea,0,0,0,0
335,412,1999,Multiparty signed/agreed,Intra,Pre,0,0,0,0
336,415,1995,Multiparty signed/agreed,Intra,SubPar,0,0,0,0
337,416,1995,Multiparty signed/agreed,Intra,Pre,0,0,0,0
338,417,1995,Multiparty signed/agreed,Intra,Pre,0,0,0,0
339,418,1999,Multiparty signed/agreed,Intra,Pre,0,0,0,0
340,419,1990,Multiparty signed/agreed,Intra,Pre,0,0,0,0
341,420,1992,Multiparty signed/agreed,Intra,Pre,0,0,0,0
342,421,2003,Multiparty signed/agreed,Intra,Imp,1,1,0,0
343,422,1991,Multiparty signed/agreed,InterIntra,Pre,0,0,0,0
344,423,1995,Multiparty signed/agreed,Inter,SubComp,0,0,0,0
345,424,1994,Multiparty signed/agreed,Intra,Ren,0,0,0,0
346,425,1996,Multiparty signed/agreed,Intra,SubPar,1,0,0,0
347,426,1996,Multiparty signed/agreed,Intra,SubPar,1,0,0,0
348,428,1997,Multiparty signed/agreed,Intra,Pre,0,0,0,0
349,429,1997,Multiparty signed/agreed,Intra,Pre,0,0,0,0
350,430,1997,Multiparty signed/agreed,Intra,Ren,0,0,0,0
351,431,1990,Multiparty signed/agreed,Inter,SubPar,0,0,0,1
352,432,1996,Multiparty signed/agreed,Intra,Pre,0,0,0,0
353,434,1996,Multiparty signed/agreed,Intra,SubPar,0,0,0,0
354,435,1997,Multiparty signed/agreed,Intra,Pre,0,0,0,0
355,436,2003,Multiparty signed/agreed,Intra,SubComp,1,0,0,0
356,437,1998,Multiparty signed/agreed,Intra,SubPar,0,0,0,0
357,438,2000,Multiparty signed/agreed,Intra,SubPar,0,0,0,0
358,439,1994,Multiparty signed/agreed,Intra,SubComp,0,0,0,1
359,440,2002,Multiparty signed/agreed,Intra,SubPar,1,0,0,1
360,442,2001,Multiparty signed/agreed,Intra,Pre,0,0,0,0
361,443,1997,Unilateral document,InterIntra,Imp,0,0,0,0
362,444,1999,Multiparty signed/agreed,Intra,Pre,0,0,0,0
363,445,1992,Multiparty signed/agreed,Intra,Pre,0,0,0,0
364,446,1999,Multiparty signed/agreed,Inter,SubPar,0,0,0,0
365,447,1996,Multiparty signed/agreed,Intra,Imp,0,0,0,0
366,449,1991,Multiparty signed/agreed,Intra,Pre,1,0,0,1
367,450,2005,Multiparty signed/agreed,Intra,SubPar,0,0,0,0
368,451,2002,Multiparty signed/agreed,Intra,SubPar,0,0,0,0
369,452,1996,Multiparty signed/agreed,Inter,Imp,0,0,0,0
370,453,2002,Multiparty signed/agreed,Intra,Cea,0,0,0,0
371,454,1997,Multiparty signed/agreed,Intra,SubPar,0,0,0,0
372,455,2003,Multiparty signed/agreed,Intra,SubPar,0,0,0,0
373,456,1991,Multiparty signed/agreed,Intra,SubPar,0,0,0,0
374,457,1999,Unilateral document,InterIntra,Pre,0,0,0,0
375,461,2003,Multiparty signed/agreed,Intra,Cea,0,0,0,0
376,462,1991,Multiparty signed/agreed,Intra,Pre,1,0,0,0
377,464,1998,Multiparty signed/agreed,Intra,SubPar,1,0,0,1
378,465,1991,Multiparty signed/agreed,Intra,SubPar,0,0,0,0
379,467,1991,Multiparty signed/agreed,Intra,SubPar,0,0,0,0
380,468,1994,Multiparty signed/agreed,Intra,Pre,1,0,0,0
381,469,1992,Multiparty signed/agreed,Intra,Cea,0,0,0,0
382,470,2002,Multiparty signed/agreed,Intra,Cea,1,0,0,0
383,471,1998,Multiparty signed/agreed,InterIntra,SubPar,0,0,0,0
384,472,1993,Multiparty signed/agreed,Intra,SubComp,1,0,0,0
385,473,2003,Multiparty signed/agreed,InterIntra,Imp,0,0,0,0
386,474,1992,Multiparty signed/agreed,Intra,SubComp,1,0,0,0
387,475,1993,Multiparty signed/agreed,Intra,SubComp,0,0,0,0
388,476,1996,Multiparty signed/agreed,Intra,SubComp,0,0,0,0
389,477,2002,Multiparty signed/agreed,InterIntra,SubPar,0,0,0,0
390,478,1999,Multiparty signed/agreed,Intra,SubComp,1,1,0,0
391,479,1996,Multiparty signed/agreed,Intra,Imp,1,0,0,1
392,481,1997,Multiparty signed/agreed,Intra,Pre,0,0,0,0
393,482,1992,Multiparty signed/agreed,Intra,SubPar,0,0,0,0
394,484,1994,Multiparty signed/agreed,Intra,Pre,0,0,0,0
395,485,1996,Multiparty signed/agreed,Intra,Pre,0,0,0,0
396,486,1995,Multiparty signed/agreed,Intra,Pre,0,0,0,0
397,488,1997,Multiparty signed/agreed,Intra,Pre,0,0,0,0
398,489,2005,Multiparty signed/agreed,Intra,Imp,0,0,0,0
399,490,1990,Multiparty signed/agreed,Intra,Pre,0,0,0,0
400,492,1994,Multiparty signed/agreed,Intra,Pre,0,0,0,0
401,493,1991,Multiparty signed/agreed,Intra,Cea,0,0,0,0
402,494,1991,Multiparty signed/agreed,Intra,SubPar,0,0,0,0
403,495,1992,Multiparty signed/agreed,Intra,SubPar,0,0,0,0
404,496,2004,Multiparty signed/agreed,Intra,SubPar,1,0,0,1
405,497,2005,Multiparty signed/agreed,Inter,Imp,0,0,0,0
406,498,2004,Multiparty signed/agreed,Intra,SubPar,1,1,0,1
407,499,1998,Multiparty signed/agreed,Intra,Pre,0,0,0,0
408,500,1997,Multiparty signed/agreed,Intra,Imp,0,0,0,0
409,501,1999,Multiparty signed/agreed,Intra,Imp,1,1,0,1
410,503,1992,Multiparty signed/agreed,Intra,SubPar,1,0,0,0
411,504,1992,Multiparty signed/agreed,Intra,SubPar,1,1,0,0
412,505,1993,Multiparty signed/agreed,Intra,SubPar,1,0,0,0
413,506,1993,Multiparty signed/agreed,Intra,SubPar,0,0,0,0
414,507,1993,Multiparty signed/agreed,Intra,SubPar,1,1,0,0
415,509,1995,Multiparty signed/agreed,Intra,Cea,0,0,0,0
416,510,1995,Multiparty signed/agreed,Intra,Pre,0,0,0,0
417,511,1996,Multiparty signed/agreed,Intra,Cea,0,0,0,0
418,512,1996,Multiparty signed/agreed,Intra,Imp,0,0,0,0
419,513,1996,Multiparty signed/agreed,Intra,Imp,0,0,0,1
420,514,1997,Multiparty signed/agreed,Intra,SubPar,0,0,0,0
421,515,1997,Multiparty signed/agreed,Intra,SubPar,0,0,0,0
422,516,1997,Multiparty signed/agreed,Intra,SubPar,0,0,0,0
423,517,1996,Multiparty signed/agreed,Intra,Pre,0,0,0,0
424,518,1995,Multiparty signed/agreed,Intra,Pre,0,0,0,0
425,519,1997,Multiparty signed/agreed,Intra,Imp,0,0,0,0
426,521,1996,Multiparty signed/agreed,Intra,Pre,0,0,0,0
427,522,1997,Multiparty signed/agreed,Intra,SubPar,0,0,0,0
428,523,1995,Multiparty signed/agreed,Intra,Pre,1,0,0,0
429,524,1994,Multiparty signed/agreed,Intra,SubPar,0,0,0,1
430,525,1997,Multiparty signed/agreed,Intra,Pre,0,0,0,0
431,527,1998,Multiparty signed/agreed,Intra,Imp,0,0,0,0
432,528,2001,Multiparty signed/agreed,Intra,Pre,0,0,0,0
433,529,1999,Multiparty signed/agreed,Intra,Cea,0,0,0,0
434,530,1999,Multiparty signed/agreed,Intra,Cea,0,0,0,0
435,531,1996,Multiparty signed/agreed,Inter,SubPar,0,0,0,0
436,532,1996,Multiparty signed/agreed,Intra,SubPar,0,0,0,0
437,533,1996,Multiparty signed/agreed,Intra,SubPar,0,0,0,0
438,535,1995,Multiparty signed/agreed,Inter,Imp,0,0,0,0
439,536,2005,Unilateral document,InterIntra,Imp,0,0,0,0
440,537,2006,Unilateral document,Inter,Imp,0,0,0,0
441,538,1991,Unilateral document,Inter,SubPar,0,0,0,0
442,539,1999,Multiparty signed/agreed,Intra,Pre,0,0,0,0
443,540,2002,Multiparty signed/agreed,InterIntra,Pre,0,0,0,1
444,541,2000,Multiparty signed/agreed,Inter,Pre,0,0,0,1
445,542,1996,Multiparty signed/agreed,Intra,Pre,1,0,0,0
446,545,1993,Multiparty signed/agreed,Intra,Pre,0,0,0,0
447,546,1997,Multiparty signed/agreed,Intra,Pre,0,0,0,0
448,547,1992,Agreement with subsequent status,Intra,Pre,0,0,0,0
449,548,2002,Multiparty signed/agreed,Intra,Cea,0,0,0,0
450,549,1997,Multiparty signed/agreed,Intra,Imp,0,0,0,0
451,550,1997,Multiparty signed/agreed,Intra,SubPar,1,0,0,1
452,551,1996,Multiparty signed/agreed,Intra,Imp,0,0,0,0
453,552,1993,Multiparty signed/agreed,Intra,Imp,0,0,0,0
454,553,1999,Multiparty signed/agreed,InterIntra,Pre,1,0,0,0
455,554,1999,Multiparty signed/agreed,Inter,SubPar,0,0,0,0
456,555,1997,Multiparty signed/agreed,Intra,Pre,0,0,0,0
457,556,1998,Multiparty signed/agreed,Intra,SubComp,1,0,1,1
458,557,1998,Multiparty signed/agreed,Intra,Cea,0,0,0,0
459,558,1997,Multiparty signed/agreed,Intra,Pre,0,0,0,0
460,559,1994,Multiparty signed/agreed,Intra,Pre,0,0,0,0
461,560,1997,Multiparty signed/agreed,Intra,Pre,0,0,0,0
462,561,1997,Multiparty signed/agreed,Intra,SubPar,0,0,0,0
463,563,1995,Multiparty signed/agreed,Intra,SubPar,0,0,0,0
464,564,1991,Multiparty signed/agreed,InterIntra,Imp,0,0,0,0
465,565,2003,Multiparty signed/agreed,Intra,SubPar,1,0,0,1
466,567,1993,Multiparty signed/agreed,Intra,Pre,0,0,0,0
467,568,2003,Multiparty signed/agreed,Intra,Cea,0,0,0,0
468,569,1992,Multiparty signed/agreed,Intra,Pre,0,0,0,0
469,570,1991,Multiparty signed/agreed,Intra,SubPar,0,0,0,0
470,571,1999,Multiparty signed/agreed,Intra,Pre,0,0,0,0
471,572,1999,Multiparty signed/agreed,Intra,Pre,1,0,0,0
472,573,2004,Multiparty signed/agreed,Intra,Imp,0,0,0,0
473,574,2004,Multiparty signed/agreed,Intra,Imp,0,0,0,0
474,575,2004,Multiparty signed/agreed,Intra,Imp,0,0,0,0
475,576,2004,Multiparty signed/agreed,Intra,Imp,0,0,0,0
476,577,1999,Multiparty signed/agreed,Inter,Pre,0,0,0,0
477,578,1990,Multiparty signed/agreed,Intra,Cea,1,0,0,1
478,579,2002,Multiparty signed/agreed,Intra,SubPar,0,0,0,0
479,581,2004,Multiparty signed/agreed,Intra,Imp,0,0,0,0
480,582,2003,Multiparty signed/agreed,Intra,Imp,0,0,0,0
481,583,2004,Multiparty signed/agreed,Intra,SubPar,0,0,0,0
482,584,2003,Multiparty signed/agreed,Intra,SubPar,0,0,0,0
483,585,1994,Multiparty signed/agreed,Intra,Cea,0,0,0,0
484,586,2001,Multiparty signed/agreed,Intra,SubPar,1,0,0,0
485,587,1999,Multiparty signed/agreed,Intra,Imp,0,0,0,0
486,588,1994,Multiparty signed/agreed,Intra,Pre,0,0,0,0
487,589,1990,Multiparty signed/agreed,Intra,Cea,1,0,0,0
488,590,2004,Multiparty signed/agreed,Intra,SubComp,1,0,0,1
489,591,1994,Multiparty signed/agreed,InterIntra,Pre,0,0,0,0
490,592,1998,Multiparty signed/agreed,Intra,Imp,0,0,0,0
491,593,1994,Multiparty signed/agreed,Intra,Imp,0,0,0,0
492,594,1994,Multiparty signed/agreed,InterIntra,SubComp,0,0,0,0
493,596,1994,Multiparty signed/agreed,InterIntra,SubPar,0,0,0,0
494,598,1997,Multiparty signed/agreed,Intra,Imp,0,0,0,0
495,599,1998,Unilateral document,Inter,Pre,0,0,0,0
496,601,1991,Multiparty signed/agreed,Intra,SubPar,0,0,0,0
497,602,1999,Multiparty signed/agreed,Intra,Imp,0,0,0,0
498,603,1994,Unilateral document,Intra,Imp,0,0,0,0
499,604,1999,Unilateral document,InterIntra,Imp,0,0,0,0
500,606,1993,Multiparty signed/agreed,Intra,SubComp,1,0,0,0
501,607,1995,Multiparty signed/agreed,Intra,SubPar,0,0,0,0
502,608,1994,Multiparty signed/agreed,Intra,SubComp,1,0,0,0
503,609,2001,Multiparty signed/agreed,Intra,Pre,0,0,0,0
504,611,1991,Multiparty signed/agreed,InterIntra,Pre,0,0,0,0
505,615,2003,Multiparty signed/agreed,Intra,SubPar,0,0,0,0
506,618,2003,Multiparty signed/agreed,Intra,SubPar,0,0,0,0
507,619,2000,Multiparty signed/agreed,Intra,Pre,0,0,0,0
508,620,1999,Multiparty signed/agreed,Intra,SubPar,0,0,0,0
509,621,2001,Multiparty signed/agreed,Intra,SubPar,0,0,0,0
510,623,2002,Multiparty signed/agreed,Intra,SubPar,0,0,0,0
511,624,2001,Multiparty signed/agreed,Intra,SubComp,0,0,0,0
512,625,1998,Multiparty signed/agreed,Inter,SubPar,0,0,0,0
513,626,1998,Multiparty signed/agreed,Inter,SubComp,0,0,0,0
514,627,1999,Multiparty signed/agreed,InterIntra,Pre,0,0,0,0
515,631,1993,Multiparty signed/agreed,Intra,SubPar,0,0,0,0
516,633,1990,Multiparty signed/agreed,Intra,SubPar,0,0,0,0
517,634,1990,Multiparty signed/agreed,Intra,Cea,0,0,0,0
518,635,1990,Multiparty signed/agreed,Intra,Cea,0,0,0,0
519,637,1992,Multiparty signed/agreed,Intra,SubComp,1,0,0,1
520,639,1994,Multiparty signed/agreed,Intra,Pre,0,0,0,0
521,640,1995,Multiparty signed/agreed,Intra,SubPar,1,1,0,0
522,642,2004,Multiparty signed/agreed,Intra,SubPar,0,0,0,0
523,647,2004,Multiparty signed/agreed,Intra,Cea,1,0,0,0
524,649,2002,Multiparty signed/agreed,Intra,Cea,0,1,0,0
525,652,2003,Multiparty signed/agreed,Intra,SubPar,1,0,0,1
526,654,1998,Multiparty signed/agreed,Intra,Cea,0,0,0,0
527,655,1998,Multiparty signed/agreed,Intra,Cea,0,0,0,0
528,656,1999,Multiparty signed/agreed,Intra,Pre,0,0,0,0
529,657,1999,Multiparty signed/agreed,Intra,Cea,0,0,0,0
530,658,1999,Multiparty signed/agreed,Intra,Cea,0,0,0,0
531,659,2000,Multiparty signed/agreed,Intra,Cea,0,0,0,0
532,660,2009,Multiparty signed/agreed,Intra,SubPar,0,0,0,0
533,661,2004,Multiparty signed/agreed,Intra,Pre,0,0,0,0
534,662,2005,Multiparty signed/agreed,Intra,SubPar,0,0,0,0
535,663,2005,Multiparty signed/agreed,Intra,SubPar,0,0,0,0
536,664,2007,Multiparty signed/agreed,Intra,Pre,0,0,0,0
537,665,2009,Multiparty signed/agreed,Intra,Pre,0,0,0,0
538,666,2009,Multiparty signed/agreed,Intra,Ren,0,0,0,0
539,667,2008,Multiparty signed/agreed,Intra,SubPar,1,1,0,0
540,668,2006,Multiparty signed/agreed,InterIntra,Imp,1,0,0,0
541,669,2008,Multiparty signed/agreed,Intra,Pre,1,1,0,0
542,670,2008,Multiparty signed/agreed,Intra,Cea,1,1,0,0
543,671,2008,Multiparty signed/agreed,Intra,SubPar,1,0,0,0
544,672,2008,Multiparty signed/agreed,Intra,SubPar,1,0,0,0
545,673,2007,Multiparty signed/agreed,Intra,SubPar,0,0,0,0
546,674,2007,Multiparty signed/agreed,Intra,Imp,0,0,0,0
547,675,2007,Multiparty signed/agreed,InterIntra,SubComp,0,0,0,0
548,676,2007,Multiparty signed/agreed,Intra,Cea,1,1,0,0
549,678,2009,Multiparty signed/agreed,Intra,Pre,0,0,0,0
550,682,2004,Unilateral document,InterIntra,SubPar,1,0,0,0
551,684,2008,Multiparty signed/agreed,Intra,Cea,0,0,0,0
552,685,2008,Multiparty signed/agreed,Intra,SubPar,1,0,0,0
553,686,2008,Multiparty signed/agreed,Intra,SubPar,1,0,0,0
554,688,2008,Multiparty signed/agreed,Intra,SubPar,1,0,0,0
555,689,2008,Multiparty signed/agreed,Intra,Pre,0,0,0,1
556,690,2008,Multiparty signed/agreed,Intra,SubPar,0,0,0,0
557,691,2008,Multiparty signed/agreed,Intra,SubPar,1,0,0,0
558,692,2008,Multiparty signed/agreed,Intra,Imp,1,0,0,0
559,693,2008,Multiparty signed/agreed,Intra,Pre,0,0,0,0
560,694,2008,Multiparty signed/agreed,Intra,Cea,1,1,0,0
561,695,2008,Multiparty signed/agreed,Intra,Imp,1,1,0,0
562,696,2008,Multiparty signed/agreed,Intra,SubPar,1,0,0,1
563,697,2007,Multiparty signed/agreed,Intra,Ren,0,0,0,0
564,698,2008,Multiparty signed/agreed,Intra,Pre,0,0,0,0
565,699,2007,Multiparty signed/agreed,Intra,Pre,1,0,0,0
566,700,2007,Multiparty signed/agreed,Intra,Ren,0,0,0,0
567,701,2006,Unilateral document,InterIntra,Imp,1,0,0,0
568,702,2006,Multiparty signed/agreed,Intra,SubComp,1,1,0,0
569,704,1990,Multiparty signed/agreed,Intra,SubPar,0,0,0,0
570,705,2008,Multiparty signed/agreed,InterIntra,Imp,1,0,0,0
571,706,2009,Multiparty signed/agreed,InterIntra,SubPar,1,1,0,0
572,707,2010,Multiparty signed/agreed,InterIntra,Imp,1,1,0,0
573,708,2010,Multiparty signed/agreed,Intra,Pre,1,0,0,0
574,709,2010,Multiparty signed/agreed,InterIntra,Imp,1,1,0,0
575,711,2008,Multiparty signed/agreed,Intra,Cea,0,0,0,0
576,712,2008,Multiparty signed/agreed,Intra,Imp,0,0,0,0
577,713,2009,Multiparty signed/agreed,Intra,Imp,1,0,0,0
578,714,2008,Multiparty signed/agreed,InterIntra,Imp,0,0,0,0
579,715,2009,Multiparty signed/agreed,InterIntra,Imp,0,0,0,0
580,716,2010,Multiparty signed/agreed,Inter,Imp,0,0,0,0
581,717,2012,Multiparty signed/agreed,Inter,SubPar,0,0,0,0
582,720,2008,Multiparty signed/agreed,Intra,Imp,0,0,0,0
583,721,2010,Multiparty signed/agreed,Inter,Pre,0,0,0,0
584,722,2009,Multiparty signed/agreed,Intra,SubComp,1,1,0,0
585,723,2010,Multiparty signed/agreed,Intra,SubPar,0,0,0,0
586,724,2008,Multiparty signed/agreed,InterIntra,Pre,0,0,0,0
587,725,2008,Multiparty signed/agreed,Intra,Ren,0,0,0,0
588,726,2008,Multiparty signed/agreed,Intra,SubPar,0,0,0,0
589,728,2011,Multiparty signed/agreed,Intra,SubComp,1,1,0,1
590,729,2008,Multiparty signed/agreed,Intra,Imp,0,0,0,0
591,730,2011,Multiparty signed/agreed,Intra,SubPar,1,0,0,0
592,732,2010,Multiparty signed/agreed,Intra,Pre,0,0,0,1
593,733,2011,Multiparty signed/agreed,Intra,Imp,0,0,0,1
594,734,2008,Multiparty signed/agreed,Intra,SubPar,1,0,0,0
595,735,2009,Multiparty signed/agreed,Intra,SubPar,1,0,0,0
596,737,2009,Multiparty signed/agreed,Intra,Imp,0,0,0,0
597,738,2010,Multiparty signed/agreed,Intra,Pre,1,0,0,0
598,740,2008,Multiparty signed/agreed,Intra,Imp,0,0,0,0
599,741,2008,Multiparty signed/agreed,Intra,Ren,0,0,0,0
600,742,2008,Multiparty signed/agreed,Intra,Cea,0,0,0,0
601,743,2009,Multiparty signed/agreed,Intra,Imp,0,0,0,0
602,744,2009,Multiparty signed/agreed,Intra,Imp,1,1,0,0
603,745,2011,Multiparty signed/agreed,Intra,SubComp,1,0,0,0
604,746,2011,Multiparty signed/agreed,Intra,SubPar,0,0,0,0
605,747,2010,Multiparty signed/agreed,Intra,SubPar,0,0,0,0
606,748,2009,Multiparty signed/agreed,Intra,Pre,0,0,0,0
607,749,2011,Multiparty signed/agreed,Intra,Imp,0,0,0,0
608,750,2011,Multiparty signed/agreed,Intra,SubPar,0,0,0,0
609,751,2010,Multiparty signed/agreed,Intra,Cea,0,0,0,0
610,752,2010,Multiparty signed/agreed,Intra,Pre,0,0,0,0
611,753,2010,Multiparty signed/agreed,Intra,SubPar,1,1,0,0
612,754,2010,Multiparty signed/agreed,Intra,Cea,1,1,0,0
613,755,2010,Multiparty signed/agreed,Intra,SubPar,0,0,0,0
614,756,2012,Multiparty signed/agreed,InterIntra,Pre,0,0,0,0
615,757,2008,Multiparty signed/agreed,Intra,Cea,0,0,0,0
616,758,2011,Multiparty signed/agreed,Intra,SubPar,1,1,0,0
617,759,2011,Multiparty signed/agreed,Intra,Cea,1,1,0,0
618,760,2007,Multiparty signed/agreed,Intra,Cea,0,0,0,0
619,761,2007,Multiparty signed/agreed,Intra,SubPar,0,0,0,0
620,762,2009,Multiparty signed/agreed,Intra,SubPar,0,0,0,0
621,763,2010,Multiparty signed/agreed,Intra,SubPar,0,0,0,0
622,764,2010,Multiparty signed/agreed,Intra,Imp,1,0,0,0
623,768,2011,Multiparty signed/agreed,Intra,SubPar,1,0,0,0
624,769,2011,Multiparty signed/agreed,Intra,Pre,0,0,0,0
625,770,2011,Multiparty signed/agreed,Intra,Pre,0,0,0,0
626,771,2012,Multiparty signed/agreed,Intra,SubPar,0,0,0,0
627,773,2012,Multiparty signed/agreed,Intra,Pre,0,0,0,1
628,774,2012,Multiparty signed/agreed,Intra,Cea,0,0,0,0
629,775,2012,Multiparty signed/agreed,Intra,Pre,0,0,0,0
630,776,2012,Multiparty signed/agreed,Intra,Cea,0,0,0,0
631,777,2012,Multiparty signed/agreed,InterIntra,Pre,0,0,0,0
632,778,2012,Unilateral document,InterIntra,Pre,0,0,0,0
633,779,2012,Multiparty signed/agreed,Intra,Imp,1,0,0,0
634,780,2012,Multiparty signed/agreed,Intra,Imp,0,0,0,0
635,781,2012,Multiparty signed/agreed,Intra,Imp,1,0,0,0
636,782,2012,Multiparty signed/agreed,Intra,Imp,1,0,0,0
637,783,2012,Multiparty signed/agreed,Intra,Imp,1,0,0,0
638,784,2012,Unilateral document,InterIntra,Pre,1,0,0,0
639,785,2012,Multiparty signed/agreed,Intra,SubPar,1,0,0,1
640,786,2012,Multiparty signed/agreed,Intra,Pre,0,0,0,0
641,787,2012,Multiparty signed/agreed,Intra,Cea,0,0,0,0
642,788,2013,Multiparty signed/agreed,Intra,Imp,0,0,0,0
643,789,2013,Multiparty signed/agreed,InterIntra,Imp,1,0,0,0
644,790,2013,Unilateral document,Intra,Pre,0,0,0,0
645,791,2013,Multiparty signed/agreed,Intra,SubPar,0,0,0,0
646,792,2013,Multiparty signed/agreed,Inter,Imp,0,0,0,0
647,793,2013,Multiparty signed/agreed,Intra,SubPar,1,0,0,1
648,795,2014,Multiparty signed/agreed,Intra,SubPar,0,0,0,0
649,797,2014,Multiparty signed/agreed,Intra,SubPar,0,0,0,0
650,798,2014,Multiparty signed/agreed,Intra,SubPar,1,0,0,1
651,799,2014,Multiparty signed/agreed,Intra,Imp,1,0,0,0
652,800,2010,Multiparty signed/agreed,Intra,SubPar,0,0,0,0
653,801,2010,Multiparty signed/agreed,Intra,Imp,0,0,0,0
654,804,2011,Multiparty signed/agreed,Intra,Pre,0,0,0,0
655,807,2012,Multiparty signed/agreed,Intra,Imp,0,0,0,0
656,808,2012,Multiparty signed/agreed,Intra,SubPar,0,0,0,0
657,809,2013,Multiparty signed/agreed,Intra,SubPar,0,0,0,0
658,810,2013,Multiparty signed/agreed,Intra,Pre,1,0,0,0
659,811,2013,Multiparty signed/agreed,Intra,Cea,1,1,0,0
660,812,2013,Multiparty signed/agreed,Intra,SubPar,1,0,1,0
661,813,2013,Multiparty signed/agreed,Intra,SubPar,1,0,0,0
662,814,2013,Multiparty signed/agreed,Intra,Imp,0,0,0,0
663,815,2014,Multiparty signed/agreed,Intra,SubPar,1,0,0,1
664,816,2014,Multiparty signed/agreed,Intra,Cea,0,0,0,0
665,817,2014,Multiparty signed/agreed,Intra,SubPar,1,1,0,1
666,818,2014,Multiparty signed/agreed,Intra,Cea,1,1,0,0
667,819,2014,Multiparty signed/agreed,Intra,Cea,0,0,0,0
668,823,2008,Multiparty signed/agreed,InterIntra,Pre,0,0,0,0
669,825,2008,Multiparty signed/agreed,Intra,Pre,0,0,0,0
670,826,2008,Multiparty signed/agreed,Intra,SubPar,1,0,0,0
671,827,2008,Multiparty signed/agreed,Intra,SubPar,0,0,0,0
672,828,2008,Multiparty signed/agreed,Intra,Pre,0,0,0,0
673,830,2008,Multiparty signed/agreed,Intra,Imp,0,0,0,0
674,831,2008,Multiparty signed/agreed,Intra,SubPar,0,0,0,0
675,832,2008,Multiparty signed/agreed,Intra,SubPar,0,0,0,0
676,833,2009,Multiparty signed/agreed,Intra,Imp,0,0,0,0
677,834,2009,Multiparty signed/agreed,Intra,Imp,0,0,0,0
678,835,2009,Multiparty signed/agreed,Intra,SubPar,0,0,0,0
679,836,2009,Multiparty signed/agreed,Intra,SubComp,0,0,0,0
680,837,2009,Multiparty signed/agreed,Intra,Imp,0,0,0,0
681,839,2009,Multiparty signed/agreed,Intra,Imp,0,0,0,0
682,840,2009,Multiparty signed/agreed,Intra,Imp,0,0,0,1
683,841,2009,Multiparty signed/agreed,Intra,Pre,0,0,0,0
684,843,2009,Multiparty signed/agreed,Intra,Imp,1,0,0,0
685,844,2009,Multiparty signed/agreed,Intra,SubPar,0,0,0,0
686,845,2009,Multiparty signed/agreed,Intra,SubComp,0,0,0,0
687,847,2009,Multiparty signed/agreed,InterIntra,Imp,0,0,0,0
688,848,2011,Multiparty signed/agreed,InterIntra,Pre,1,1,0,0
689,849,2011,Multiparty signed/agreed,InterIntra,Imp,1,0,0,0
690,850,2011,Multiparty signed/agreed,InterIntra,Imp,0,0,0,0
691,851,2011,Multiparty signed/agreed,Intra,Imp,0,0,0,0
692,852,2011,Multiparty signed/agreed,Intra,SubPar,0,0,0,0
693,853,2011,Multiparty signed/agreed,Intra,SubComp,1,1,0,1
694,854,2011,Multiparty signed/agreed,Intra,SubPar,1,0,0,0
695,855,2012,Multiparty signed/agreed,Intra,Cea,0,0,0,0
696,856,2012,Multiparty signed/agreed,InterIntra,SubPar,0,0,0,0
697,857,2012,Multiparty signed/agreed,InterIntra,SubPar,0,0,0,0
698,858,2012,Multiparty signed/agreed,InterIntra,SubPar,0,0,0,0
699,859,2012,Multiparty signed/agreed,InterIntra,SubPar,0,0,0,0
700,860,2012,Multiparty signed/agreed,InterIntra,Imp,0,0,0,0
701,861,2012,Multiparty signed/agreed,InterIntra,SubPar,0,0,0,0
702,862,2012,Multiparty signed/agreed,InterIntra,SubPar,0,0,0,0
703,864,2012,Multiparty signed/agreed,InterIntra,Imp,1,1,0,0
704,865,2012,Multiparty signed/agreed,InterIntra,SubPar,0,0,0,0
705,866,2012,Multiparty signed/agreed,Intra,SubPar,1,1,0,0
706,867,2012,Multiparty signed/agreed,Intra,SubPar,1,1,0,1
707,868,2013,Multiparty signed/agreed,Intra,SubPar,1,0,0,0
708,869,2013,Multiparty signed/agreed,Intra,SubPar,1,1,0,0
709,870,2013,Multiparty signed/agreed,Intra,Cea,0,0,0,1
710,871,2013,Multiparty signed/agreed,Intra,Imp,1,0,0,0
711,872,2013,Multiparty signed/agreed,Intra,Imp,0,0,0,0
712,873,2013,Multiparty signed/agreed,Intra,Imp,1,1,0,0
713,874,2013,Multiparty signed/agreed,Intra,Imp,0,0,0,0
714,875,2013,Multiparty signed/agreed,Intra,Imp,1,0,0,1
715,876,2013,Multiparty signed/agreed,Intra,Imp,0,0,0,0
716,877,2013,Multiparty signed/agreed,InterIntra,Imp,0,0,0,0
717,878,2013,Multiparty signed/agreed,InterIntra,Imp,1,0,0,0
718,879,2012,Multiparty signed/agreed,Intra,SubPar,0,0,0,0
719,880,2013,Multiparty signed/agreed,Intra,Cea,1,1,0,0
720,881,2014,Multiparty signed/agreed,Intra,Imp,0,0,0,0
721,882,2014,Multiparty signed/agreed,Intra,Imp,1,0,0,0
722,883,2014,Multiparty signed/agreed,Intra,SubPar,0,0,0,0
723,884,2014,Multiparty signed/agreed,Intra,Cea,1,0,0,1
724,885,2014,Multiparty signed/agreed,Intra,Cea,0,0,0,0
725,887,1990,Multiparty signed/agreed,InterIntra,Imp,0,0,0,0
726,888,2007,Multiparty signed/agreed,Intra,SubPar,1,0,0,0
727,889,2006,Multiparty signed/agreed,Intra,Cea,0,0,0,0
728,890,2006,Multiparty signed/agreed,Intra,Cea,0,0,0,0
729,891,2007,Multiparty signed/agreed,Intra,Cea,0,0,0,0
730,892,2007,Multiparty signed/agreed,Intra,Cea,0,0,0,0
731,893,2006,Multiparty signed/agreed,Intra,SubComp,0,0,0,0
732,894,2006,Multiparty signed/agreed,Intra,SubPar,0,0,0,0
733,895,2006,Multiparty signed/agreed,Intra,Pre,0,0,0,0
734,896,2006,Multiparty signed/agreed,Intra,Imp,0,0,0,0
735,899,2005,Multiparty signed/agreed,Intra,SubPar,1,0,0,0
736,903,2014,Multiparty signed/agreed,Intra,Imp,1,0,0,1
737,904,2014,Multiparty signed/agreed,InterIntra,Imp,0,0,0,0
738,905,2004,Multiparty signed/agreed,Intra,SubPar,0,0,0,0
739,906,2015,Multiparty signed/agreed,Intra,SubComp,1,0,0,0
740,907,1994,Multiparty signed/agreed,Intra,Pre,0,0,0,0
741,908,2002,Multiparty signed/agreed,InterIntra,Imp,1,0,0,0
742,909,2002,Multiparty signed/agreed,InterIntra,SubPar,0,0,0,0
743,910,2002,Multiparty signed/agreed,Intra,SubPar,0,0,0,0
744,913,2002,Multiparty signed/agreed,Intra,SubPar,0,0,0,0
745,915,1994,Multiparty signed/agreed,Intra,Cea,0,0,0,0
746,916,1994,Multiparty signed/agreed,Intra,Cea,1,0,0,0
747,918,1994,Multiparty signed/agreed,Intra,SubPar,0,0,0,1
748,919,1994,Multiparty signed/agreed,Intra,Pre,0,0,0,0
749,920,1990,Multiparty signed/agreed,Intra,SubPar,0,0,0,0
750,921,1997,Multiparty signed/agreed,Intra,SubPar,0,0,0,1
751,923,1998,Multiparty signed/agreed,Inter,SubPar,0,0,0,0
752,924,1998,Multiparty signed/agreed,Inter,SubPar,0,0,0,0
753,925,1998,Multiparty signed/agreed,Inter,SubPar,0,0,0,0
754,926,1998,Multiparty signed/agreed,Inter,SubPar,0,0,0,0
755,927,1998,Unilateral document,Inter,SubPar,0,0,0,0
756,930,2014,Unilateral document,Intra,Pre,0,0,0,0
757,932,1998,Multiparty signed/agreed,Intra,Imp,0,0,0,0
758,933,1998,Multiparty signed/agreed,Intra,SubPar,1,0,0,0
759,934,2001,Multiparty signed/agreed,Intra,Ren,0,0,0,0
760,935,2001,Unilateral document,Intra,SubPar,0,0,0,1
761,936,2004,Multiparty signed/agreed,Intra,Pre,0,0,0,0
762,942,2004,Multiparty signed/agreed,Intra,Pre,0,0,0,0
763,943,2004,Multiparty signed/agreed,Intra,Imp,0,0,0,0
764,944,1997,Multiparty signed/agreed,Intra,Pre,0,0,0,0
765,945,1997,Multiparty signed/agreed,Intra,Pre,0,0,0,0
766,946,1997,Multiparty signed/agreed,Intra,Cea,0,0,0,0
767,947,1997,Multiparty signed/agreed,Intra,Pre,0,0,0,0
768,948,1997,Multiparty signed/agreed,Intra,Pre,0,0,0,0
769,949,1997,Multiparty signed/agreed,Intra,Pre,0,0,0,0
770,950,1998,Multiparty signed/agreed,Intra,Pre,0,0,0,0
771,951,1998,Multiparty signed/agreed,Intra,Pre,0,0,0,0
772,952,1998,Multiparty signed/agreed,Intra,Pre,0,0,0,0
773,953,1999,Multiparty signed/agreed,Intra,Pre,0,0,0,0
774,954,1999,Multiparty signed/agreed,Intra,Pre,0,0,0,0
775,955,1999,Multiparty signed/agreed,Intra,Pre,0,0,0,0
776,956,1999,Multiparty signed/agreed,Intra,Pre,0,0,0,0
777,957,1999,Multiparty signed/agreed,Intra,Pre,0,0,0,0
778,958,1999,Multiparty signed/agreed,Intra,Pre,0,0,0,0
779,959,2000,Multiparty signed/agreed,Intra,Pre,0,0,0,0
780,961,2000,Multiparty signed/agreed,Intra,Pre,0,0,0,0
781,962,2000,Multiparty signed/agreed,Intra,Pre,0,0,0,0
782,963,2000,Multiparty signed/agreed,Intra,Pre,0,0,0,0
783,964,2000,Multiparty signed/agreed,Intra,Pre,0,0,0,0
784,965,2000,Multiparty signed/agreed,Intra,Pre,0,0,0,0
785,966,2000,Multiparty signed/agreed,Intra,Pre,0,0,0,0
786,967,2000,Multiparty signed/agreed,Intra,Pre,0,0,0,0
787,968,2000,Multiparty signed/agreed,Intra,Pre,0,0,0,0
788,970,2001,Multiparty signed/agreed,Intra,Pre,0,0,0,0
789,971,2004,Multiparty signed/agreed,Intra,Pre,0,0,0,0
790,972,2004,Multiparty signed/agreed,Intra,Ren,0,0,0,0
791,973,2004,Multiparty signed/agreed,Intra,Pre,0,0,0,0
792,974,2005,Multiparty signed/agreed,Intra,Pre,0,0,0,0
793,975,2005,Multiparty signed/agreed,Intra,Pre,0,0,0,1
794,977,2005,Multiparty signed/agreed,Intra,Pre,0,0,0,0
795,978,2002,Multiparty signed/agreed,Intra,SubPar,1,0,0,0
796,979,2006,Multiparty signed/agreed,Intra,SubPar,0,0,0,0
797,980,2006,Multiparty signed/agreed,Intra,Pre,0,0,0,0
798,982,1999,Multiparty signed/agreed,InterIntra,Imp,0,0,0,0
799,983,1995,Multiparty signed/agreed,Intra,SubPar,1,1,0,1
800,984,1995,Multiparty signed/agreed,Intra,SubPar,1,0,0,0
801,985,1995,Multiparty signed/agreed,Intra,SubPar,1,1,0,1
802,986,1995,Multiparty signed/agreed,Intra,SubPar,0,0,0,0
803,987,1995,Multiparty signed/agreed,Intra,SubPar,0,0,0,0
804,988,1995,Multiparty signed/agreed,Intra,SubPar,0,0,0,0
805,989,1995,Multiparty signed/agreed,Intra,SubPar,1,0,0,0
806,990,1994,Multiparty signed/agreed,InterIntra,Cea,0,0,0,0
807,991,2006,Multiparty signed/agreed,Intra,Pre,0,0,0,0
808,992,2006,Multiparty signed/agreed,Intra,Pre,0,0,0,0
809,993,2006,Multiparty signed/agreed,Intra,Pre,0,0,0,0
810,994,2006,Multiparty signed/agreed,Intra,Pre,0,0,0,0
811,995,2006,Multiparty signed/agreed,Intra,Pre,0,0,0,0
812,996,2007,Multiparty signed/agreed,Intra,Pre,0,0,0,0
813,997,2007,Multiparty signed/agreed,Intra,Pre,0,0,0,0
814,998,2007,Multiparty signed/agreed,Intra,Pre,0,0,0,0
815,999,2008,Multiparty signed/agreed,Intra,SubPar,0,0,0,1
816,1000,2008,Multiparty signed/agreed,Intra,Pre,0,0,0,0
817,1001,2009,Multiparty signed/agreed,Intra,Pre,0,0,0,0
818,1002,2009,Multiparty signed/agreed,Intra,Pre,0,0,0,0
819,1003,2010,Multiparty signed/agreed,Intra,Pre,0,0,0,0
820,1004,2010,Multiparty signed/agreed,Intra,Imp,0,0,0,1
821,1005,2010,Multiparty signed/agreed,Intra,Imp,0,0,0,0
822,1006,2010,Multiparty signed/agreed,Intra,Pre,0,0,0,0
823,1007,2000,Status unclear,Intra,SubComp,1,0,0,1
824,1008,2003,Unilateral document,Intra,Pre,0,0,0,0
825,1009,2003,Unilateral document,Intra,Pre,0,0,0,0
826,1010,2003,Unilateral document,Intra,Pre,1,0,0,0
827,1011,2002,Multiparty signed/agreed,Intra,Pre,0,0,0,0
828,1012,2005,Multiparty signed/agreed,Intra,SubPar,1,0,0,0
829,1013,2002,Unilateral document,Inter,Imp,0,0,0,0
830,1015,2012,Multiparty signed/agreed,Intra,Ren,0,0,0,0
831,1017,1990,Multiparty signed/agreed,Intra,SubPar,0,0,0,0
832,1018,1991,Multiparty signed/agreed,InterIntra,SubPar,0,0,0,0
833,1019,1992,Multiparty signed/agreed,Intra,Cea,0,0,0,0
834,1020,1992,Multiparty signed/agreed,Intra,Imp,0,0,0,0
835,1021,1992,Multiparty signed/agreed,Intra,Pre,0,0,0,1
836,1022,1992,Multiparty signed/agreed,Intra,Pre,0,0,0,0
837,1024,1992,Multiparty signed/agreed,InterIntra,Cea,0,0,0,0
838,1025,1992,Multiparty signed/agreed,Intra,Cea,0,0,0,0
839,1026,1993,Multiparty signed/agreed,InterIntra,Pre,0,0,0,0
840,1027,1993,Multiparty signed/agreed,Intra,Cea,0,0,0,0
841,1029,1994,Multiparty signed/agreed,Intra,Imp,0,0,0,0
842,1030,1995,Multiparty signed/agreed,InterIntra,Pre,0,0,0,0
843,1031,1996,Multiparty signed/agreed,Intra,Pre,0,0,0,0
844,1032,1996,Multiparty signed/agreed,Intra,Pre,0,0,0,0
845,1033,1996,Multiparty signed/agreed,Intra,SubPar,0,0,0,0
846,1034,1997,Multiparty signed/agreed,Intra,SubPar,0,0,0,0
847,1035,1997,Multiparty signed/agreed,Intra,Pre,0,0,0,0
848,1036,1997,Multiparty signed/agreed,InterIntra,Imp,0,0,0,0
849,1037,1997,Multiparty signed/agreed,InterIntra,Imp,0,0,0,0
850,1038,1997,Multiparty signed/agreed,Intra,Pre,0,0,0,0
851,1039,1997,Multiparty signed/agreed,Intra,SubPar,0,0,0,0
852,1040,1998,Multiparty signed/agreed,Intra,Pre,0,0,0,0
853,1041,1991,Multiparty signed/agreed,Intra,Cea,0,0,0,0
854,1042,1999,Multiparty signed/agreed,Intra,SubPar,0,0,0,0
855,1043,1999,Multiparty signed/agreed,Intra,Pre,0,0,0,0
856,1044,1995,Multiparty signed/agreed,Intra,Pre,1,0,0,0
857,1045,1994,Multiparty signed/agreed,Intra,Pre,0,0,0,0
858,1046,2003,Multiparty signed/agreed,Intra,Cea,0,0,0,0
859,1047,2000,Multiparty signed/agreed,Intra,Pre,0,0,0,0
860,1048,2001,Multiparty signed/agreed,InterIntra,SubPar,0,0,0,0
861,1049,2001,Multiparty signed/agreed,Intra,Cea,0,0,0,0
862,1050,2001,Multiparty signed/agreed,Intra,Cea,0,0,0,0
863,1051,2000,Multiparty signed/agreed,Intra,Pre,0,0,0,0
864,1052,2002,Multiparty signed/agreed,Intra,Imp,1,0,0,0
865,1053,2003,Multiparty signed/agreed,Intra,Cea,0,0,0,0
866,1054,2004,Multiparty signed/agreed,InterIntra,Imp,1,1,0,0
867,1056,2004,Multiparty signed/agreed,Intra,Imp,0,0,0,0
868,1057,2004,Multiparty signed/agreed,Intra,Pre,0,0,0,0
869,1058,2004,Multiparty signed/agreed,Intra,Imp,0,0,0,0
870,1059,2005,Multiparty signed/agreed,Intra,Ren,0,0,0,0
871,1060,2005,Multiparty signed/agreed,Intra,SubComp,1,1,0,0
872,1061,2006,Multiparty signed/agreed,InterIntra,SubPar,1,1,0,0
873,1062,2006,Multiparty signed/agreed,InterIntra,SubPar,1,0,0,0
874,1063,2006,Multiparty signed/agreed,Intra,Imp,0,0,0,0
875,1064,2006,Multiparty signed/agreed,Intra,Ren,0,0,0,0
876,1065,2006,Multiparty signed/agreed,Intra,Ren,0,0,0,0
877,1066,2006,Multiparty signed/agreed,InterIntra,SubComp,0,0,0,0
878,1067,2006,Multiparty signed/agreed,Intra,Imp,0,0,0,0
879,1068,2006,Multiparty signed/agreed,Intra,Imp,0,0,0,0
880,1069,2007,Multiparty signed/agreed,InterIntra,Imp,0,0,0,0
881,1070,2007,Multiparty signed/agreed,InterIntra,SubPar,0,0,0,0
882,1071,2007,Multiparty signed/agreed,InterIntra,Imp,0,0,0,0
883,1072,2007,Multiparty signed/agreed,Intra,Pre,0,0,0,0
884,1073,2007,Multiparty signed/agreed,Inter,SubPar,0,0,0,1
885,1074,2007,Multiparty signed/agreed,Intra,Imp,0,0,0,0
886,1075,2008,Multiparty signed/agreed,Intra,Pre,0,0,0,0
887,1076,2012,Multiparty signed/agreed,InterIntra,SubPar,0,0,0,0
888,1077,2012,Multiparty signed/agreed,InterIntra,SubPar,0,0,0,0
889,1078,2014,Multiparty signed/agreed,Intra,SubPar,0,0,0,0
890,1079,2014,Multiparty signed/agreed,Intra,Imp,0,0,0,0
891,1080,2010,Multiparty signed/agreed,Intra,SubPar,0,0,0,0
892,1081,2010,Multiparty signed/agreed,Intra,SubPar,0,0,0,0
893,1082,2012,Multiparty signed/agreed,Intra,Pre,0,0,0,0
894,1083,2010,Multiparty signed/agreed,InterIntra,SubPar,0,0,0,0
895,1086,1992,Multiparty signed/agreed,Intra,Imp,0,0,0,1
896,1088,1990,Multiparty signed/agreed,Intra,Pre,0,0,0,0
897,1089,1990,Multiparty signed/agreed,Intra,Pre,0,0,0,0
898,1090,1990,Multiparty signed/agreed,Intra,Pre,0,0,0,0
899,1091,1991,Multiparty signed/agreed,Intra,Imp,0,0,0,1
900,1092,1991,Multiparty signed/agreed,Intra,SubPar,0,0,0,0
901,1093,1991,Multiparty signed/agreed,Intra,SubPar,0,0,0,0
902,1094,1990,Multiparty signed/agreed,Intra,Pre,0,0,0,0
903,1095,1990,Multiparty signed/agreed,Intra,SubPar,0,0,0,0
904,1096,1991,Multiparty signed/agreed,Intra,SubPar,0,0,0,0
905,1097,1990,Multiparty signed/agreed,Intra,Pre,0,0,0,0
906,1098,1991,Multiparty signed/agreed,Intra,SubPar,0,0,0,0
907,1099,1990,Multiparty signed/agreed,Intra,Pre,0,0,0,0
908,1100,1991,Multiparty signed/agreed,Intra,Pre,0,0,0,0
909,1101,1991,Multiparty signed/agreed,Intra,Pre,0,0,0,0
910,1102,1991,Multiparty signed/agreed,Intra,Ren,0,0,0,0
911,1103,1991,Multiparty signed/agreed,Intra,Pre,0,0,0,0
912,1104,1991,Multiparty signed/agreed,Intra,Pre,0,0,0,0
913,1105,1992,Multiparty signed/agreed,Intra,Ren,0,0,0,0
914,1106,1992,Multiparty signed/agreed,Intra,Ren,0,0,0,0
915,1107,1992,Multiparty signed/agreed,Intra,Pre,0,0,0,0
916,1108,1992,Multiparty signed/agreed,Intra,Pre,0,0,0,0
917,1109,1992,Multiparty signed/agreed,Intra,Pre,0,0,0,0
918,1110,1994,Multiparty signed/agreed,Intra,Imp,0,0,0,0
919,1111,1994,Multiparty signed/agreed,Intra,Pre,0,0,0,0
920,1117,1995,Multiparty signed/agreed,Intra,Pre,0,0,0,0
921,1118,1995,Multiparty signed/agreed,Intra,Pre,0,0,0,0
922,1119,1996,Multiparty signed/agreed,Intra,Pre,0,0,0,0
923,1120,1996,Multiparty signed/agreed,Intra,Pre,0,0,0,0
924,1121,1996,Multiparty signed/agreed,Intra,Pre,0,0,0,0
925,1122,1997,Multiparty signed/agreed,Intra,SubPar,1,0,0,0
926,1124,1997,Multiparty signed/agreed,Intra,Pre,0,0,0,0
927,1126,2000,Unilateral document,Intra,Pre,0,0,0,0
928,1127,1999,Multiparty signed/agreed,Intra,Pre,0,0,0,0
929,1128,1999,Multiparty signed/agreed,Intra,Pre,0,0,0,0
930,1129,1999,Multiparty signed/agreed,Intra,Pre,0,0,0,0
931,1130,1999,Multiparty signed/agreed,Intra,Pre,0,0,0,0
932,1131,1999,Multiparty signed/agreed,Intra,Pre,0,0,0,0
933,1132,1999,Multiparty signed/agreed,Intra,Cea,0,0,0,1
934,1133,2000,Multiparty signed/agreed,Intra,Pre,0,0,0,0
935,1134,2000,Multiparty signed/agreed,Intra,Pre,0,0,0,0
936,1135,2000,Multiparty signed/agreed,Intra,Pre,0,0,0,0
937,1136,2000,Multiparty signed/agreed,Intra,Pre,0,0,0,0
938,1137,2000,Multiparty signed/agreed,Intra,Pre,0,0,0,0
939,1138,2001,Multiparty signed/agreed,Intra,Ren,0,0,0,0
940,1139,2000,Multiparty signed/agreed,InterIntra,Pre,0,0,0,0
941,1140,2001,Multiparty signed/agreed,Intra,Pre,0,0,0,0
942,1141,2001,Multiparty signed/agreed,Intra,Pre,0,0,0,0
943,1142,2001,Multiparty signed/agreed,InterIntra,Pre,0,0,0,0
944,1144,2002,Multiparty signed/agreed,Intra,Pre,0,0,0,0
945,1145,1998,Multiparty signed/agreed,Intra,Pre,0,0,0,0
946,1146,2000,Multiparty signed/agreed,Intra,Pre,1,0,0,0
947,1148,1999,Multiparty signed/agreed,Intra,Pre,0,0,0,0
948,1149,2000,Multiparty signed/agreed,Intra,Pre,0,0,0,0
949,1150,2001,Multiparty signed/agreed,Intra,Pre,0,0,0,0
950,1151,2001,Multiparty signed/agreed,Intra,Pre,0,0,0,0
951,1154,2003,Multiparty signed/agreed,InterIntra,Imp,1,0,0,0
952,1155,2002,Multiparty signed/agreed,InterIntra,Pre,1,0,0,0
953,1157,2006,Multiparty signed/agreed,Intra,Ren,0,0,0,0
954,1158,2002,Multiparty signed/agreed,Intra,Cea,0,0,0,0
955,1159,2002,Multiparty signed/agreed,Intra,Pre,1,0,0,0
956,1160,2002,Multiparty signed/agreed,Intra,Pre,1,0,0,1
957,1161,2003,Multiparty signed/agreed,Intra,Pre,1,0,0,0
958,1162,2003,Multiparty signed/agreed,Intra,Pre,0,0,0,0
959,1163,2002,Multiparty signed/agreed,Intra,Pre,0,0,0,0
960,1164,1992,Multiparty signed/agreed,InterIntra,Pre,0,0,0,0
961,1165,1992,Multiparty signed/agreed,InterIntra,Cea,0,0,0,0
962,1166,1992,Multiparty signed/agreed,InterIntra,Imp,0,0,0,0
963,1167,1992,Multiparty signed/agreed,InterIntra,Pre,0,0,0,0
964,1169,1992,Multiparty signed/agreed,InterIntra,Pre,0,0,0,0
965,1170,1992,Multiparty signed/agreed,InterIntra,Pre,0,0,0,0
966,1171,1992,Multiparty signed/agreed,InterIntra,Pre,0,0,0,0
967,1172,1993,Unilateral document,InterIntra,Imp,0,0,0,0
968,1173,1991,Unilateral document,Intra,Pre,1,0,0,0
969,1177,1993,Multiparty signed/agreed,Intra,SubPar,0,0,0,0
970,1179,1994,Unilateral document,InterIntra,Pre,0,0,0,0
971,1181,1995,Multiparty signed/agreed,InterIntra,Pre,0,0,0,0
972,1182,1993,Multiparty signed/agreed,Intra,Imp,0,0,0,0
973,1184,2014,Multiparty signed/agreed,Intra,SubPar,0,0,0,0
974,1185,2014,Multiparty signed/agreed,Intra,Cea,0,0,0,1
975,1186,2014,Multiparty signed/agreed,Intra,SubComp,1,0,0,0
976,1187,2015,Multiparty signed/agreed,Intra,Imp,1,0,0,0
977,1188,2007,Multiparty signed/agreed,Inter,Pre,0,0,0,0
978,1190,2008,Unilateral document,Intra,Imp,1,0,0,0
979,1193,2003,Multiparty signed/agreed,InterIntra,Imp,0,0,0,0
980,1194,2002,Multiparty signed/agreed,InterIntra,Imp,0,0,0,0
981,1195,2004,Multiparty signed/agreed,Intra,Imp,0,0,0,0
982,1196,2001,Multiparty signed/agreed,Intra,Cea,1,0,0,0
983,1198,1994,Multiparty signed/agreed,Intra,SubPar,1,0,0,1
984,1200,1994,Multiparty signed/agreed,Intra,SubPar,0,0,0,0
985,1201,1995,Multiparty signed/agreed,InterIntra,Ren,0,0,0,0
986,1202,1993,Multiparty signed/agreed,InterIntra,Imp,0,0,0,0
987,1203,1995,Multiparty signed/agreed,InterIntra,Imp,0,0,0,0
988,1204,1995,Multiparty signed/agreed,InterIntra,Imp,0,0,0,0
989,1205,1996,Multiparty signed/agreed,Intra,Imp,0,0,0,0
990,1206,1996,Multiparty signed/agreed,Intra,Imp,0,0,0,0
991,1207,1996,Multiparty signed/agreed,InterIntra,Imp,0,0,0,0
992,1209,1996,Multiparty signed/agreed,InterIntra,Imp,0,0,0,0
993,1210,1997,Multiparty signed/agreed,Intra,Imp,0,0,0,0
994,1212,1997,Multiparty signed/agreed,Intra,Imp,0,0,0,0
995,1213,1995,Unilateral document,Intra,Cea,0,0,0,0
996,1214,1995,Multiparty signed/agreed,Intra,Imp,0,0,0,0
997,1215,1995,Unilateral document,Intra,SubPar,0,0,0,0
998,1217,1995,Unilateral document,InterIntra,Imp,0,0,0,0
999,1218,1996,Unilateral document,InterIntra,Imp,0,0,0,0
1000,1219,1996,Unilateral document,Intra,Imp,0,0,0,0
1001,1220,1997,Unilateral document,InterIntra,Imp,0,0,0,0
1002,1221,1998,Unilateral document,InterIntra,Pre,0,0,0,0
1003,1226,1994,Multiparty signed/agreed,InterIntra,Ren,0,0,0,0
1004,1228,1991,Multiparty signed/agreed,Intra,Cea,0,0,0,0
1005,1229,1991,Multiparty signed/agreed,InterIntra,Pre,0,0,0,0
1006,1231,1992,Multiparty signed/agreed,Inter,SubPar,0,0,0,0
1007,1232,1991,Multiparty signed/agreed,Inter,Pre,0,0,0,1
1008,1233,2008,Multiparty signed/agreed,Intra,Pre,0,0,0,0
1009,1236,2003,Multiparty signed/agreed,InterIntra,Imp,0,0,0,0
1010,1241,2002,Multiparty signed/agreed,Intra,Imp,0,0,0,0
1011,1242,1991,Multiparty signed/agreed,Intra,Pre,0,0,0,0
1012,1243,2004,Unilateral document,InterIntra,Imp,0,0,0,0
1013,1246,1997,Multiparty signed/agreed,Intra,Imp,0,0,0,0
1014,1247,1990,Unilateral document,InterIntra,Imp,0,0,0,1
1015,1248,1991,Multiparty signed/agreed,InterIntra,Pre,0,0,0,0
1016,1250,1996,Multiparty signed/agreed,Intra,Pre,0,0,0,0
1017,1251,1998,Multiparty signed/agreed,InterIntra,Pre,0,0,0,0
1018,1253,1996,Multiparty signed/agreed,InterIntra,Pre,0,0,0,0
1019,1255,1996,Multiparty signed/agreed,Intra,SubPar,1,0,0,0
1020,1256,1999,Multiparty signed/agreed,Intra,SubPar,1,1,0,0
1021,1257,1994,Unilateral document,Intra,Cea,0,0,0,0
1022,1258,1994,Unilateral document,Intra,Cea,1,0,0,0
1023,1259,1995,Multiparty signed/agreed,InterIntra,Pre,0,0,0,0
1024,1260,1997,Multiparty signed/agreed,Intra,Pre,0,0,0,0
1025,1261,2007,Multiparty signed/agreed,Intra,Imp,0,0,0,0
1026,1262,2006,Multiparty signed/agreed,Intra,SubPar,0,0,0,1
1027,1263,2006,Multiparty signed/agreed,Intra,SubPar,0,0,0,0
1028,1264,2006,Multiparty signed/agreed,Intra,SubPar,1,0,0,0
1029,1265,2007,Multiparty signed/agreed,Intra,SubPar,1,0,0,0
1030,1266,1998,Multiparty signed/agreed,Intra,Imp,0,0,0,0
1031,1267,2000,Multiparty signed/agreed,InterIntra,Imp,0,0,0,0
1032,1268,2000,Multiparty signed/agreed,InterIntra,Imp,0,0,0,0
1033,1269,2000,Multiparty signed/agreed,InterIntra,Imp,0,0,0,0
1034,1270,2000,Unilateral document,Intra,Imp,0,0,0,0
1035,1272,1990,Multiparty signed/agreed,Intra,Pre,0,0,0,0
1036,1273,2003,Unilateral document,InterIntra,Pre,1,0,0,0
1037,1274,2003,Multiparty signed/agreed,Intra,Pre,0,0,0,0
1038,1275,2003,Multiparty signed/agreed,Intra,Pre,0,0,0,1
1039,1276,2003,Multiparty signed/agreed,Intra,Pre,1,0,0,0
1040,1277,2003,Multiparty signed/agreed,Intra,Pre,1,0,0,0
1041,1278,2003,Multiparty signed/agreed,Intra,Pre,1,0,0,0
1042,1280,2003,Multiparty signed/agreed,Intra,Pre,1,0,0,1
1043,1281,1995,Unilateral document,Intra,Pre,0,0,0,0
1044,1282,1996,Unilateral document,Intra,Imp,0,0,0,0
1045,1283,1996,Multiparty signed/agreed,Intra,Pre,0,0,0,0
1046,1284,1996,Unilateral document,Intra,Imp,0,0,0,0
1047,1285,1997,Unilateral document,Intra,Imp,0,0,0,0
1048,1286,1996,Unilateral document,Intra,Imp,0,0,0,0
1049,1287,1998,Unilateral document,InterIntra,Imp,0,0,0,0
1050,1289,1995,Multiparty signed/agreed,Intra,Imp,0,0,0,0
1051,1290,1999,Multiparty signed/agreed,Inter,Imp,0,0,0,0
1052,1291,1999,Multiparty signed/agreed,Inter,SubPar,0,0,0,0
1053,1292,1994,Multiparty signed/agreed,Intra,Imp,1,0,0,1
1054,1295,1992,Multiparty signed/agreed,InterIntra,Pre,0,0,0,0
1055,1297,1993,Multiparty signed/agreed,Intra,Imp,0,0,0,0
1056,1298,1994,Multiparty signed/agreed,Intra,Pre,0,0,0,0
1057,1300,1991,Multiparty signed/agreed,Intra,SubComp,0,0,0,0
1058,1301,2004,Unilateral document,InterIntra,Ren,0,0,0,0
1059,1303,2003,Multiparty signed/agreed,Intra,SubComp,1,0,1,1
1060,1304,2003,Multiparty signed/agreed,Intra,Cea,0,0,0,0
1061,1305,1990,Unilateral document,InterIntra,Cea,0,0,0,0
1062,1306,1990,Multiparty signed/agreed,InterIntra,Pre,0,0,0,0
1063,1307,1990,Unilateral document,InterIntra,Cea,0,0,0,0
1064,1308,1990,Unilateral document,InterIntra,Imp,0,0,0,0
1065,1309,1990,Unilateral document,InterIntra,Ren,0,0,0,0
1066,1310,1990,Unilateral document,InterIntra,SubPar,0,0,0,0
1067,1311,1990,Unilateral document,InterIntra,Pre,0,0,0,0
1068,1312,1991,Multiparty signed/agreed,InterIntra,SubPar,1,0,0,0
1069,1313,1993,Multiparty signed/agreed,Intra,Pre,0,0,0,0
1070,1314,1996,Unilateral document,InterIntra,Imp,0,0,0,0
1071,1315,1997,Unilateral document,InterIntra,Imp,0,1,0,0
1072,1316,1991,Multiparty signed/agreed,Intra,Cea,0,0,0,0
1073,1317,1991,Multiparty signed/agreed,Intra,Cea,0,0,0,0
1074,1318,1993,Multiparty signed/agreed,Intra,SubPar,0,0,0,0
1075,1319,1991,Multiparty signed/agreed,Intra,SubPar,0,0,0,0
1076,1320,1995,Multiparty signed/agreed,InterIntra,Imp,0,0,0,0
1077,1321,2012,Multiparty signed/agreed,Intra,SubPar,1,0,0,0
1078,1322,2007,Multiparty signed/agreed,Intra,SubComp,1,1,0,1
1079,1323,2006,Unilateral document,Intra,SubPar,0,0,0,0
1080,1324,2006,Multiparty signed/agreed,Intra,Cea,0,0,0,0
1081,1325,2006,Multiparty signed/agreed,Intra,Cea,0,0,0,0
1082,1326,2006,Multiparty signed/agreed,Intra,Cea,0,0,0,0
1083,1327,2006,Unilateral document,Intra,SubPar,1,0,0,0
1084,1328,2006,Multiparty signed/agreed,Intra,Imp,0,0,0,0
1085,1329,2006,Multiparty signed/agreed,Intra,Imp,1,1,0,0
1086,1330,2006,Multiparty signed/agreed,Intra,Imp,0,1,0,0
1087,1331,2006,Multiparty signed/agreed,Intra,Imp,0,0,0,0
1088,1332,1990,Unilateral document,InterIntra,Pre,1,0,0,0
1089,1334,2001,Multiparty signed/agreed,Intra,SubComp,1,0,0,0
1090,1336,2006,Multiparty signed/agreed,Intra,SubComp,1,0,0,1
1091,1337,2012,Multiparty signed/agreed,Intra,Pre,0,0,0,0
1092,1340,2013,Multiparty signed/agreed,Intra,SubComp,1,1,1,1
1093,1341,1993,Multiparty signed/agreed,Intra,Pre,0,0,0,0
1094,1342,2015,Multiparty signed/agreed,Intra,Imp,0,0,0,0
1095,1343,1993,Multiparty signed/agreed,Intra,SubPar,1,0,0,1
1096,1345,2014,Multiparty signed/agreed,Intra,Imp,0,0,0,0
1097,1346,2014,Multiparty signed/agreed,Intra,Imp,0,0,0,0
1098,1347,2014,Multiparty signed/agreed,Intra,Imp,0,0,0,0
1099,1348,2014,Multiparty signed/agreed,Intra,Imp,0,0,0,0
1100,1349,2014,Multiparty signed/agreed,Intra,Pre,0,0,0,0
1101,1350,2015,Multiparty signed/agreed,Intra,Ren,0,0,0,0
1102,1351,2015,Multiparty signed/agreed,Intra,Ren,0,0,0,0
1103,1352,2015,Multiparty signed/agreed,Intra,Ren,0,0,0,0
1104,1353,2015,Multiparty signed/agreed,Intra,Imp,1,0,0,0
1105,1354,2011,Multiparty signed/agreed,Intra,Ren,0,0,0,0
1106,1355,2015,Multiparty signed/agreed,Intra,Imp,1,0,0,1
1107,1357,2015,Multiparty signed/agreed,Intra,SubComp,1,1,0,1
1108,1360,2012,Multiparty signed/agreed,Intra,SubComp,1,0,0,1
1109,1361,2015,Multiparty signed/agreed,Intra,SubComp,1,1,1,1
1110,1362,2014,Multiparty signed/agreed,Intra,Cea,0,0,0,0
1111,1363,2014,Multiparty signed/agreed,Intra,SubPar,0,0,0,0
1112,1364,2015,Multiparty signed/agreed,Intra,Imp,0,0,0,0
1113,1365,2015,Multiparty signed/agreed,Intra,SubComp,1,0,0,0
1114,1366,2015,Multiparty signed/agreed,Intra,Pre,0,0,0,0
1115,1367,2015,Multiparty signed/agreed,Intra,Cea,0,0,0,0
1116,1368,2015,Multiparty signed/agreed,Intra,SubPar,0,0,0,1
1117,1369,2015,Multiparty signed/agreed,Intra,SubPar,1,0,0,0
1118,1370,2015,Multiparty signed/agreed,Intra,SubComp,1,0,0,0
1119,1371,2011,Multiparty signed/agreed,InterIntra,Imp,0,0,0,0
1120,1372,2011,Multiparty signed/agreed,InterIntra,Imp,0,0,0,0
1121,1374,2012,Multiparty signed/agreed,InterIntra,SubPar,0,0,0,0
1122,1391,2014,Multiparty signed/agreed,Intra,Pre,0,0,0,0
1123,1392,2014,Multiparty signed/agreed,Intra,SubPar,1,0,0,0
1124,1394,2014,Multiparty signed/agreed,Intra,Pre,1,0,0,0
1125,1395,2015,Multiparty signed/agreed,Intra,SubPar,1,1,0,0
1126,1396,2015,Multiparty signed/agreed,Intra,Imp,1,0,0,0
1127,1397,2015,Multiparty signed/agreed,Intra,Pre,1,1,0,0
1128,1398,2015,Multiparty signed/agreed,Intra,SubPar,1,0,0,0
1129,1399,2011,Unilateral document,Intra,Imp,0,0,0,0
1130,1400,2014,Multiparty signed/agreed,Intra,SubPar,1,1,0,1
1131,1401,2011,Multiparty signed/agreed,Intra,SubPar,0,0,0,0
1132,1402,2011,Unilateral document,Intra,SubPar,0,0,0,0
1133,1403,2012,Multiparty signed/agreed,Intra,Imp,0,0,0,0
1134,1405,2005,Multiparty signed/agreed,Intra,Pre,0,0,0,0
1135,1406,2006,Multiparty signed/agreed,Intra,SubPar,1,0,0,1
1136,1407,2007,Multiparty signed/agreed,Intra,Pre,0,0,0,0
1137,1408,2008,Multiparty signed/agreed,Intra,Pre,0,0,0,0
1138,1409,2011,Multiparty signed/agreed,Intra,SubPar,0,0,0,0
1139,1410,2012,Multiparty signed/agreed,Intra,Imp,0,0,0,0
1140,1411,2014,Multiparty signed/agreed,Intra,SubPar,1,0,0,0
1141,1412,2012,Unilateral document,Intra,Imp,0,0,0,1
1142,1413,2011,Unilateral document,Intra,SubPar,0,0,0,0
1143,1414,2011,Unilateral document,Intra,SubPar,1,0,0,1
1144,1415,2011,Status unclear,Intra,SubComp,1,0,0,0
1145,1417,2006,Multiparty signed/agreed,Intra,SubPar,1,0,0,1
1146,1419,2003,Multiparty signed/agreed,Intra,SubComp,0,0,0,0
1147,1421,2005,Multiparty signed/agreed,Intra,SubComp,1,1,1,1
1148,1422,2004,Multiparty signed/agreed,Intra,SubComp,1,0,0,0
1149,1423,2003,Multiparty signed/agreed,Intra,Pre,1,0,0,0
1150,1425,2001,Multiparty signed/agreed,Intra,SubComp,1,1,0,1
1151,1426,2014,Multiparty signed/agreed,Intra,Pre,0,0,0,0
1152,1427,2015,Multiparty signed/agreed,Intra,Pre,0,0,0,0
1153,1428,2001,Unilateral document,Intra,Cea,0,0,0,0
1154,1430,2001,Unilateral document,Intra,Cea,0,0,0,0
1155,1431,2001,Agreement with subsequent status,Intra,SubPar,0,0,0,0
1156,1433,2008,Multiparty signed/agreed,Intra,Cea,0,0,0,0
1157,1434,2010,Multiparty signed/agreed,Intra,Cea,0,0,0,0
1158,1435,2015,Multiparty signed/agreed,Intra,Imp,1,0,0,0
1159,1436,2015,Multiparty signed/agreed,Intra,Cea,1,0,0,0
1160,1437,2001,Unilateral document,Intra,SubPar,1,1,0,1
1161,1438,2015,Multiparty signed/agreed,Intra,Pre,0,0,0,0
1162,1439,2011,Unilateral document,Intra,Cea,0,0,0,0
1163,1440,2015,Multiparty signed/agreed,Intra,Cea,1,1,0,1
1164,1441,2015,Multiparty signed/agreed,Intra,Cea,0,0,0,0
1165,1442,2015,Multiparty signed/agreed,Intra,SubPar,1,1,0,0
1166,1443,1998,Multiparty signed/agreed,Inter,Imp,0,0,0,0
1167,1444,1998,Multiparty signed/agreed,Inter,SubPar,0,0,0,0
1168,1445,1998,Unilateral document,Inter,Imp,0,0,0,0
1169,1448,1991,Multiparty signed/agreed,Intra,Cea,0,0,0,0
1170,1449,1991,Multiparty signed/agreed,Intra,Cea,0,0,0,0
1171,1450,1991,Multiparty signed/agreed,Intra,Cea,0,0,0,0
1172,1451,1991,Multiparty signed/agreed,Intra,Cea,0,0,0,1
1173,1452,1991,Multiparty signed/agreed,Intra,Cea,0,0,0,0
1174,1453,1991,Multiparty signed/agreed,Intra,Cea,0,0,0,1
1175,1454,1991,Multiparty signed/agreed,Intra,Pre,0,0,0,0
1176,1455,1991,Multiparty signed/agreed,Intra,Cea,0,0,0,0
1177,1456,1991,Multiparty signed/agreed,Intra,Cea,0,0,0,0
1178,1457,1991,Unilateral document,InterIntra,Pre,0,0,0,0
1179,1458,1992,Multiparty signed/agreed,InterIntra,Pre,0,0,0,0
1180,1459,1992,Multiparty signed/agreed,InterIntra,Imp,0,0,0,0
1181,1460,1993,Multiparty signed/agreed,Intra,Imp,0,0,0,0
1182,1461,1993,Multiparty signed/agreed,Intra,Cea,0,0,0,0
1183,1462,1993,Multiparty signed/agreed,Intra,Cea,0,0,0,0
1184,1463,1993,Multiparty signed/agreed,InterIntra,Cea,0,0,0,0
1185,1464,1993,Status unclear,InterIntra,Cea,0,0,0,0
1186,1468,1995,Multiparty signed/agreed,Intra,Cea,0,0,0,0
1187,1469,1992,Multiparty signed/agreed,Intra,Pre,1,0,0,0
1188,1470,1992,Multiparty signed/agreed,Intra,Cea,0,0,0,0
1189,1472,1992,Multiparty signed/agreed,Intra,SubPar,0,0,0,0
1190,1473,1992,Multiparty signed/agreed,Intra,Cea,0,0,0,1
1191,1474,1992,Multiparty signed/agreed,Intra,Cea,0,0,0,0
1192,1475,1992,Multiparty signed/agreed,Intra,Pre,1,0,0,0
1193,1476,1992,Agreement with subsequent status,InterIntra,Oth,0,0,0,0
1194,1477,1992,Multiparty signed/agreed,Intra,Cea,0,0,0,0
1195,1478,1992,Multiparty signed/agreed,InterIntra,Imp,0,0,0,0
1196,1479,1992,Multiparty signed/agreed,InterIntra,Pre,0,0,0,0
1197,1482,1993,Multiparty signed/agreed,InterIntra,Imp,0,0,0,0
1198,1483,1993,Multiparty signed/agreed,Intra,Cea,0,0,0,0
1199,1484,1993,Multiparty signed/agreed,Intra,Cea,0,0,0,0
1200,1485,1993,Multiparty signed/agreed,Intra,Pre,0,0,0,0
1201,1486,1993,Multiparty signed/agreed,InterIntra,Pre,0,0,0,0
1202,1490,1993,Multiparty signed/agreed,Intra,Cea,0,0,0,0
1203,1493,1993,Multiparty signed/agreed,Intra,Imp,0,0,0,0
1204,1494,1993,Multiparty signed/agreed,Intra,Pre,0,0,0,0
1205,1497,1994,Multiparty signed/agreed,Intra,Cea,0,0,0,0
1206,1499,1994,Unilateral document,Intra,Cea,0,0,0,0
1207,1500,1994,Multiparty signed/agreed,InterIntra,Cea,0,0,0,0
1208,1501,1994,Multiparty signed/agreed,Intra,Cea,0,0,0,0
1209,1503,1994,Multiparty signed/agreed,Intra,Pre,0,0,0,0
1210,1504,1994,Multiparty signed/agreed,Intra,Pre,1,0,0,0
1211,1508,2014,Unilateral document,Intra,Imp,0,0,0,0
1212,1509,2014,Unilateral document,Intra,Imp,0,0,0,0
1213,1510,2000,Multiparty signed/agreed,Intra,Imp,0,0,0,0
1214,1511,2003,Multiparty signed/agreed,Intra,Cea,0,0,0,0
1215,1512,2015,Multiparty signed/agreed,Intra,Cea,0,0,0,0
1216,1513,1994,Unilateral document,Intra,SubPar,0,0,0,0
1217,1514,2000,Multiparty signed/agreed,Intra,Pre,0,0,0,0
1218,1515,2014,Multiparty signed/agreed,Intra,SubPar,1,0,0,1
1219,1517,2015,Multiparty signed/agreed,Intra,Imp,0,0,0,0
1220,1518,2015,Multiparty signed/agreed,Intra,SubPar,1,0,0,0
1221,1519,2015,Multiparty signed/agreed,Intra,Pre,1,0,0,0
1222,1521,1998,Multiparty signed/agreed,Intra,SubPar,0,0,0,0
1223,1522,1991,Multiparty signed/agreed,Inter,SubPar,0,0,0,0
1224,1523,1991,Multiparty signed/agreed,Inter,SubPar,0,0,0,0
1225,1524,2007,Multiparty signed/agreed,Inter,SubPar,0,0,0,0
1226,1525,2014,Multiparty signed/agreed,Intra,Cea,1,0,0,0
1227,1527,2014,Multiparty signed/agreed,Intra,Cea,0,0,0,0
1228,1530,2006,Multiparty signed/agreed,Intra,SubPar,1,0,0,0
1229,1531,2004,Multiparty signed/agreed,Intra,SubPar,0,0,0,0
1230,1532,2005,Multiparty signed/agreed,Intra,Imp,0,0,0,0
1231,1536,2014,Multiparty signed/agreed,Intra,SubComp,1,0,0,0
1232,1541,2014,Multiparty signed/agreed,Intra,Imp,0,0,0,0
1233,1543,2000,Multiparty signed/agreed,Intra,Imp,0,0,0,0
1234,1544,2015,Multiparty signed/agreed,Intra,Cea,1,0,0,0
1235,1545,2015,Multiparty signed/agreed,Intra,Cea,1,0,0,0
1236,1546,2013,Multiparty signed/agreed,Intra,Pre,0,0,0,0
1237,1547,2015,Multiparty signed/agreed,Intra,SubPar,1,1,1,1
1238,1550,2013,Multiparty signed/agreed,Intra,Cea,0,0,0,0
1239,1551,2012,Multiparty signed/agreed,Intra,Cea,0,0,0,0
1240,1552,2011,Multiparty signed/agreed,Intra,Cea,0,0,0,0
1241,1553,2012,Multiparty signed/agreed,Intra,Cea,0,0,0,0
1242,1555,2011,Multiparty signed/agreed,Intra,Pre,0,0,0,0
1243,1557,2012,Multiparty signed/agreed,Intra,Cea,0,0,0,0
1244,1558,2012,Multiparty signed/agreed,Intra,Cea,0,0,0,0
1245,1559,2011,Multiparty signed/agreed,Intra,Cea,0,0,0,0
1246,1560,2012,Multiparty signed/agreed,Intra,Cea,0,0,0,1
1247,1561,2012,Multiparty signed/agreed,Intra,Cea,0,0,0,1
1248,1562,2012,Multiparty signed/agreed,Intra,Cea,0,0,0,1
1249,1563,2012,Multiparty signed/agreed,Intra,Cea,0,0,0,0
1250,1564,2012,Multiparty signed/agreed,Intra,Cea,0,0,0,0
1251,1565,1990,Unilateral document,InterIntra,Imp,0,0,0,0
1252,1567,1992,Multiparty signed/agreed,Intra,Pre,0,0,0,0
1253,1568,2014,Multiparty signed/agreed,Intra,Pre,0,1,0,0
1254,1569,1993,Multiparty signed/agreed,Intra,Cea,0,0,0,0
1255,1570,1992,Multiparty signed/agreed,InterIntra,Oth,0,0,0,0
1256,1571,2014,Multiparty signed/agreed,Intra,Pre,0,0,0,0
1257,1572,2014,Multiparty signed/agreed,Intra,Pre,0,0,0,0
1258,1573,2014,Multiparty signed/agreed,Intra,Pre,0,0,0,0
1259,1574,2014,Multiparty signed/agreed,Intra,Pre,0,0,0,0
1260,1575,2014,Multiparty signed/agreed,Intra,Pre,0,0,0,0
1261,1576,2014,Multiparty signed/agreed,Intra,Pre,0,0,0,0
1262,1577,2008,Multiparty signed/agreed,Inter,Imp,0,0,0,0
1263,1578,2011,Multiparty signed/agreed,Intra,Cea,0,0,0,1
1264,1579,2012,Multiparty signed/agreed,Intra,Cea,0,0,0,0
1265,1580,2013,Multiparty signed/agreed,Intra,Cea,0,0,0,0
1266,1581,2013,Multiparty signed/agreed,Intra,Cea,0,0,0,0
1267,1582,2011,Multiparty signed/agreed,Intra,Cea,0,0,0,0
1268,1587,1992,Multiparty signed/agreed,Intra,Cea,0,0,0,0
1269,1588,1992,Multiparty signed/agreed,Intra,Cea,0,0,0,0
1270,1589,1992,Multiparty signed/agreed,Intra,Pre,0,0,0,1
1271,1590,1992,Unilateral document,Intra,Cea,0,0,0,0
1272,1591,1992,Status unclear,Intra,Cea,0,0,0,0
1273,1595,2005,Unilateral document,Intra,SubPar,1,0,0,1
1274,1596,2015,Unilateral document,InterIntra,Pre,1,0,0,0
1275,1597,2014,Multiparty signed/agreed,Intra,Cea,0,0,0,0
1276,1598,1994,Multiparty signed/agreed,Intra,Pre,0,0,0,0
1277,1599,2015,Multiparty signed/agreed,Intra,Pre,0,0,0,0
1278,1603,2012,Multiparty signed/agreed,Intra,SubPar,0,0,0,0
1279,1604,1994,Multiparty signed/agreed,InterIntra,SubPar,0,0,0,1
1280,1607,1992,Multiparty signed/agreed,Intra,Pre,0,0,0,0
1281,1608,1992,Multiparty signed/agreed,Intra,Pre,0,0,0,0
1282,1609,1992,Multiparty signed/agreed,InterIntra,Imp,0,0,0,0
1283,1610,1992,Multiparty signed/agreed,Intra,Pre,0,0,0,0
1284,1611,1992,Multiparty signed/agreed,Intra,Cea,0,0,0,0
1285,1612,1992,Multiparty signed/agreed,Intra,Pre,0,0,0,0
1286,1613,1992,Multiparty signed/agreed,Intra,Pre,0,0,0,0
1287,1615,1992,Multiparty signed/agreed,Intra,Pre,0,0,0,0
1288,1616,1992,Multiparty signed/agreed,Intra,Cea,0,0,0,0
1289,1617,1993,Multiparty signed/agreed,Intra,Cea,0,0,0,0
1290,1618,1993,Multiparty signed/agreed,Intra,Cea,0,0,0,0
1291,1619,1993,Multiparty signed/agreed,Intra,Pre,0,0,0,0
1292,1620,1993,Multiparty signed/agreed,Intra,Cea,0,0,0,0
1293,1621,1993,Multiparty signed/agreed,Intra,Pre,1,1,0,1
1294,1622,1993,Multiparty signed/agreed,Intra,Pre,0,0,0,0
1295,1623,1993,Multiparty signed/agreed,Intra,Cea,0,0,0,0
1296,1624,1993,Multiparty signed/agreed,Intra,Imp,0,0,0,0
1297,1625,1993,Multiparty signed/agreed,Intra,Pre,0,0,0,0
1298,1626,1993,Multiparty signed/agreed,Intra,Cea,0,0,0,0
1299,1627,1993,Multiparty signed/agreed,Intra,Cea,0,0,0,0
1300,1628,1993,Multiparty signed/agreed,Intra,Pre,0,0,0,0
1301,1630,1993,Multiparty signed/agreed,Intra,Pre,0,0,0,0
1302,1632,1994,Unilateral document,Intra,Pre,0,0,0,0
1303,1633,1994,Multiparty signed/agreed,Intra,Cea,0,0,0,0
1304,1636,1994,Multiparty signed/agreed,Intra,Pre,0,0,0,0
1305,1637,1994,Status unclear,Intra,Cea,0,0,0,0
1306,1639,1995,Multiparty signed/agreed,Intra,Imp,0,0,0,0
1307,1640,1995,Multiparty signed/agreed,Intra,Imp,0,0,0,0
1308,1641,1995,Multiparty signed/agreed,Intra,Cea,0,0,0,0
1309,1642,1995,Multiparty signed/agreed,Intra,Cea,0,0,0,0
1310,1643,1995,Multiparty signed/agreed,Intra,Pre,1,0,0,0
1311,1644,1995,Multiparty signed/agreed,Intra,Cea,0,0,0,0
1312,1647,1991,Multiparty signed/agreed,InterIntra,Imp,0,0,0,0
1313,1648,1991,Multiparty signed/agreed,Intra,Cea,0,0,0,0
1314,1649,1991,Multiparty signed/agreed,Intra,Pre,0,0,0,1
1315,1650,1991,Multiparty signed/agreed,Intra,Pre,0,0,0,0
1316,1651,1991,Multiparty signed/agreed,Intra,Pre,0,0,0,0
1317,1652,2015,Unilateral document,InterIntra,Pre,0,0,0,0
1318,1653,2014,Multiparty signed/agreed,Intra,Cea,0,0,0,0
1319,1654,1995,Multiparty signed/agreed,Intra,Imp,0,0,0,0
1320,1658,2000,Multiparty signed/agreed,Intra,Pre,0,0,0,0
1321,1659,2013,Multiparty signed/agreed,Intra,SubComp,1,1,0,1
1322,1660,1999,Multiparty signed/agreed,Intra,SubPar,0,0,0,0
1323,1661,2014,Multiparty signed/agreed,Intra,SubPar,1,0,0,0
1324,1662,2014,Unilateral document,Intra,SubPar,0,0,0,0
1325,1663,2001,Multiparty signed/agreed,Intra,Imp,0,0,0,1
1326,1664,2002,Multiparty signed/agreed,Intra,Imp,0,0,0,0
1327,1665,2009,Multiparty signed/agreed,Intra,SubPar,0,0,0,0
1328,1666,2010,Multiparty signed/agreed,Intra,SubPar,0,0,0,0
1329,1667,2011,Multiparty signed/agreed,Intra,Imp,0,0,0,0
1330,1668,2011,Multiparty signed/agreed,InterIntra,Imp,0,0,0,0
1331,1669,2012,Multiparty signed/agreed,InterIntra,SubPar,0,0,0,0
1332,1671,2011,Multiparty signed/agreed,Intra,SubPar,0,0,0,1
1333,1672,2008,Multiparty signed/agreed,Intra,SubPar,1,1,0,1
1334,1673,2010,Multiparty signed/agreed,Intra,SubComp,1,1,0,1
1335,1674,2010,Multiparty signed/agreed,Intra,Cea,0,0,0,0
1336,1675,2014,Multiparty signed/agreed,Intra,SubComp,1,0,0,0
1337,1676,2014,Multiparty signed/agreed,Intra,SubPar,0,0,0,0
1338,1677,1992,Unilateral document,Intra,Cea,0,0,0,0
1339,1678,1992,Unilateral document,Intra,Cea,0,0,0,0
1340,1679,1992,Unilateral document,Intra,Cea,0,0,0,0
1341,1680,2012,Multiparty signed/agreed,Intra,SubPar,1,1,0,0
1342,1681,2011,Multiparty signed/agreed,Intra,SubPar,1,0,0,0
1343,1682,2000,Multiparty signed/agreed,Intra,SubPar,1,1,0,0
1344,1683,1992,Multiparty signed/agreed,InterIntra,Pre,0,0,0,0
1345,1684,1995,Multiparty signed/agreed,InterIntra,Cea,0,0,0,0
1346,1685,2010,Multiparty signed/agreed,InterIntra,Pre,0,0,0,0
1347,1686,2010,Multiparty signed/agreed,InterIntra,Ren,0,0,0,0
1348,1687,2011,Multiparty signed/agreed,InterIntra,Pre,0,0,0,0
1349,1688,2007,Multiparty signed/agreed,Intra,SubPar,0,0,0,0
1350,1689,2002,Multiparty signed/agreed,Intra,Cea,0,0,0,0
1351,1690,2015,Multiparty signed/agreed,Intra,Imp,0,0,0,0
1352,1691,2015,Multiparty signed/agreed,Intra,SubPar,0,0,0,0
1353,1692,2015,Multiparty signed/agreed,Intra,SubPar,0,0,0,0
1354,1693,1993,Multiparty signed/agreed,Intra,Cea,0,0,0,1
1355,1694,2000,Multiparty signed/agreed,Intra,SubPar,0,0,0,0
1356,1695,2000,Multiparty signed/agreed,InterIntra,SubPar,0,0,0,0
1357,1696,2001,Multiparty signed/agreed,Intra,Pre,0,0,0,0
1358,1697,2002,Multiparty signed/agreed,Intra,Pre,0,0,0,0
1359,1698,2004,Multiparty signed/agreed,Intra,Cea,0,0,0,0
1360,1699,1992,Multiparty signed/agreed,InterIntra,Cea,0,0,0,0
1361,1700,1992,Multiparty signed/agreed,Intra,Cea,0,0,0,0
1362,1701,1993,Multiparty signed/agreed,InterIntra,SubPar,0,0,0,0
1363,1703,1997,Multiparty signed/agreed,Intra,SubPar,0,0,0,0
1364,1704,1999,Multiparty signed/agreed,InterIntra,Cea,0,0,0,0
1365,1707,1994,Multiparty signed/agreed,InterIntra,Imp,0,0,0,0
1366,1709,1993,Multiparty signed/agreed,Intra,SubPar,0,0,0,0
1367,1710,1993,Multiparty signed/agreed,Intra,SubPar,1,0,0,0
1368,1712,2015,Multiparty signed/agreed,Intra,SubPar,1,0,0,0
1369,1713,1992,Unilateral document,Intra,Cea,0,0,0,0
1370,1715,2001,Multiparty signed/agreed,Intra,SubPar,0,0,0,0
1371,1716,2011,Multiparty signed/agreed,Intra,SubComp,1,0,0,1
1372,1717,2005,Multiparty signed/agreed,Intra,SubComp,0,0,0,0
1373,1719,2002,Multiparty signed/agreed,Intra,Cea,0,0,0,1
1374,1720,1991,Multiparty signed/agreed,Intra,Pre,0,0,0,0
1375,1721,1993,Unilateral document,Intra,Cea,0,0,0,0
1376,1722,1993,Multiparty signed/agreed,Intra,Cea,0,0,0,0
1377,1723,1993,Unilateral document,Intra,Cea,0,0,0,0
1378,1724,1993,Unilateral document,Intra,Cea,0,0,0,0
1379,1725,1993,Unilateral document,Intra,Pre,0,0,0,0
1380,1726,1993,Multiparty signed/agreed,Intra,Cea,0,0,0,0
1381,1727,1993,Multiparty signed/agreed,Intra,Cea,0,0,0,0
1382,1728,1993,Unilateral document,Intra,Cea,0,0,0,0
1383,1729,1993,Unilateral document,Intra,Cea,0,0,0,0
1384,1730,1993,Unilateral document,Intra,Cea,0,0,0,0
1385,1731,1993,Multiparty signed/agreed,Intra,Pre,0,0,0,0
1386,1732,1994,Unilateral document,Intra,Cea,0,0,0,0
1387,1733,1994,Multiparty signed/agreed,Intra,Cea,0,0,0,0
1388,1734,2015,Agreement with subsequent status,Intra,Pre,0,0,0,0
1389,1735,2001,Multiparty signed/agreed,Inter,SubPar,0,0,0,0
1390,1737,1999,Unilateral document,Intra,SubPar,1,0,0,0
1391,1738,1999,Unilateral document,Intra,Imp,0,0,0,0
1392,1740,1991,Multiparty signed/agreed,Inter,SubPar,0,0,0,0
1393,1741,1994,Multiparty signed/agreed,Inter,SubPar,0,0,0,0
1394,1742,1996,Multiparty signed/agreed,Inter,Imp,0,0,0,0
1395,1743,2004,Multiparty signed/agreed,Inter,SubPar,0,0,0,0
1396,1744,2007,Multiparty signed/agreed,Intra,SubPar,1,0,0,1
1397,1745,2007,Multiparty signed/agreed,Intra,SubPar,1,0,0,0
1398,1746,2007,Multiparty signed/agreed,Intra,SubPar,0,0,0,1
1399,1747,2007,Multiparty signed/agreed,Intra,Imp,1,0,0,0
1400,1748,2007,Multiparty signed/agreed,Intra,SubPar,0,0,0,1
1401,1749,2008,Multiparty signed/agreed,Intra,SubPar,1,0,0,1
1402,1750,2008,Multiparty signed/agreed,Intra,SubPar,1,0,0,1
1403,1751,2008,Multiparty signed/agreed,Intra,SubPar,0,0,0,0
1404,1752,2008,Multiparty signed/agreed,Intra,SubPar,0,0,0,0
1405,1753,2008,Multiparty signed/agreed,Intra,SubPar,0,0,0,1
1406,1754,2008,Multiparty signed/agreed,Intra,SubPar,0,0,0,1
1407,1755,2008,Multiparty signed/agreed,Intra,Cea,0,0,0,0
1408,1756,2008,Multiparty signed/agreed,Intra,Cea,0,0,0,0
1409,1757,2008,Multiparty signed/agreed,Intra,Cea,0,0,0,0
1410,1758,2009,Multiparty signed/agreed,Intra,Cea,0,0,0,0
1411,1759,2009,Multiparty signed/agreed,Intra,Cea,0,0,0,0
1412,1760,2010,Multiparty signed/agreed,Intra,Cea,0,0,0,0
1413,1761,2009,Multiparty signed/agreed,Intra,SubPar,1,0,0,1
1414,1762,2009,Multiparty signed/agreed,Intra,Pre,1,0,0,0
1415,1763,2009,Multiparty signed/agreed,Intra,Cea,0,0,0,0
1416,1764,2009,Multiparty signed/agreed,Intra,Imp,0,0,0,0
1417,1765,2009,Multiparty signed/agreed,Intra,SubPar,0,0,0,0
1418,1766,2009,Multiparty signed/agreed,Intra,Imp,0,0,0,1
1419,1767,2009,Multiparty signed/agreed,Intra,Imp,0,0,0,0
1420,1768,2009,Multiparty signed/agreed,Intra,Imp,0,0,0,0
1421,1769,2006,Multiparty signed/agreed,Intra,Pre,0,0,0,0
1422,1773,2000,Multiparty signed/agreed,Intra,Cea,0,0,0,0
1423,1774,2001,Multiparty signed/agreed,Intra,Pre,0,0,0,0
1424,1775,2001,Multiparty signed/agreed,Intra,Pre,0,0,0,0
1425,1776,2001,Multiparty signed/agreed,Intra,Imp,0,0,0,0
1426,1777,2002,Multiparty signed/agreed,Intra,Cea,0,0,0,0
1427,1778,2002,Multiparty signed/agreed,Intra,Cea,0,0,0,0
1428,1779,2002,Multiparty signed/agreed,Intra,Cea,0,0,0,0
1429,1780,2008,Multiparty signed/agreed,InterIntra,Imp,0,0,0,0
1430,1781,2008,Unilateral document,InterIntra,Imp,0,0,0,0
1431,1782,1998,Multiparty signed/agreed,Intra,Pre,0,0,0,0
1432,1783,1999,Multiparty signed/agreed,Intra,Pre,0,0,0,0
1433,1784,1999,Multiparty signed/agreed,Intra,Pre,0,0,0,0
1434,1785,2001,Multiparty signed/agreed,Intra,Pre,0,0,0,0
1435,1794,2000,Multiparty signed/agreed,Intra,Pre,1,0,0,1
1436,1795,2000,Multiparty signed/agreed,Intra,Pre,0,0,0,0
1437,1797,2010,Multiparty signed/agreed,Intra,Cea,0,0,0,0
1438,1798,2010,Multiparty signed/agreed,Intra,Pre,0,0,0,0
1439,1799,2010,Multiparty signed/agreed,Intra,Imp,0,0,0,0
1440,1800,2005,Multiparty signed/agreed,Intra,SubComp,1,0,0,1
1441,1803,2000,Multiparty signed/agreed,Intra,Pre,1,1,0,0
1442,1804,2004,Multiparty signed/agreed,Intra,Cea,0,0,0,0
1443,1805,1994,Multiparty signed/agreed,InterIntra,SubPar,0,0,0,0
1444,1806,1994,Multiparty signed/agreed,Intra,Imp,0,0,0,0
1445,1807,1996,Multiparty signed/agreed,Inter,SubPar,0,0,0,0
1446,1808,1996,Multiparty signed/agreed,Inter,SubPar,0,0,0,0
1447,1809,1994,Multiparty signed/agreed,Inter,SubPar,0,0,0,0
1448,1811,1999,Multiparty signed/agreed,Inter,SubPar,0,0,0,0
1449,1812,2003,Multiparty signed/agreed,Intra,Cea,0,0,0,0
1450,1813,1999,Multiparty signed/agreed,Intra,SubPar,1,1,0,1
1451,1814,1999,Multiparty signed/agreed,Intra,Imp,1,1,0,1
1452,1815,1999,Multiparty signed/agreed,Intra,SubPar,0,0,0,0
1453,1816,2000,Multiparty signed/agreed,Intra,SubPar,1,0,0,0
1454,1817,2002,Multiparty signed/agreed,Intra,SubPar,0,0,0,0
1455,1819,2012,Multiparty signed/agreed,Intra,SubPar,1,0,0,1
1456,1820,2013,Multiparty signed/agreed,Intra,SubPar,1,0,0,0
1457,1823,2015,Multiparty signed/agreed,Intra,Pre,0,0,0,0
1458,1828,1999,Multiparty signed/agreed,Intra,Pre,0,0,0,0
1459,1829,2008,Status unclear,Intra,Cea,0,0,0,0
1460,1830,2003,Multiparty signed/agreed,Intra,Cea,0,0,0,0
1461,1832,2002,Multiparty signed/agreed,Intra,Pre,0,0,0,0
1462,1833,2002,Multiparty signed/agreed,Intra,Pre,0,0,0,0
1463,1834,2003,Multiparty signed/agreed,Intra,Ren,0,0,0,0
1464,1835,2015,Multiparty signed/agreed,Intra,Cea,0,0,0,0
1465,1836,2005,Multiparty signed/agreed,Intra,SubComp,0,0,0,1
1466,1837,1994,Multiparty signed/agreed,Intra,SubComp,0,0,0,0
1467,1838,1995,Multiparty signed/agreed,Intra,SubPar,0,0,0,0
1468,1839,1997,Unilateral document,Intra,Cea,0,0,0,0
1469,1840,2014,Multiparty signed/agreed,Intra,Cea,1,0,0,0
1470,1841,2013,Multiparty signed/agreed,Intra,Cea,0,0,0,0
1471,1842,2011,Multiparty signed/agreed,Intra,Pre,0,0,0,0
1472,1843,2013,Multiparty signed/agreed,Intra,SubPar,1,0,0,0
1473,1844,2014,Multiparty signed/agreed,Intra,SubPar,1,0,0,0
1474,1846,1992,Multiparty signed/agreed,Intra,Cea,0,0,0,0
1475,1847,1993,Multiparty signed/agreed,Intra,Cea,0,0,0,0
1476,1848,1993,Multiparty signed/agreed,Intra,Imp,0,0,0,0
1477,1849,1993,Multiparty signed/agreed,Intra,Cea,0,0,0,0
1478,1850,1994,Multiparty signed/agreed,Intra,Pre,0,0,0,0
1479,1851,1992,Multiparty signed/agreed,Intra,Pre,0,0,0,0
1480,1852,2005,Multiparty signed/agreed,Intra,SubPar,1,0,0,0
1481,1853,2007,Multiparty signed/agreed,Intra,SubComp,0,0,0,1
1482,1854,2007,Multiparty signed/agreed,Intra,SubComp,0,0,0,0
1483,1855,1997,Multiparty signed/agreed,Intra,SubComp,0,0,0,0
1484,1856,2007,Multiparty signed/agreed,Intra,SubComp,1,0,0,1
1485,1857,2006,Multiparty signed/agreed,Intra,Pre,0,0,0,0
1486,1858,2007,Multiparty signed/agreed,Intra,SubComp,0,0,0,0
1487,1859,2007,Multiparty signed/agreed,Intra,SubComp,0,0,0,0
1488,1864,2012,Multiparty signed/agreed,Intra,Pre,0,0,0,0
1489,1865,2013,Multiparty signed/agreed,Intra,SubComp,0,0,0,0
1490,1867,1992,Multiparty signed/agreed,Intra,Cea,0,0,0,0
1491,1868,2013,Multiparty signed/agreed,Intra,Oth,0,0,0,0
1492,1869,1993,Multiparty signed/agreed,Intra,Pre,0,0,0,0
1493,1870,1993,Multiparty signed/agreed,Intra,Pre,0,0,0,0
1494,1871,1993,Multiparty signed/agreed,Intra,Pre,0,0,0,0
1495,1872,1994,Multiparty signed/agreed,Intra,Pre,0,0,0,0
1496,1873,1994,Multiparty signed/agreed,Intra,SubPar,0,0,0,0
1497,1874,1995,Multiparty signed/agreed,Intra,Pre,0,0,0,0
1498,1875,1994,Multiparty signed/agreed,Intra,Pre,0,0,0,0
1499,1876,1993,Multiparty signed/agreed,Intra,Pre,0,0,0,0
1500,1877,1993,Multiparty signed/agreed,Intra,Imp,0,0,0,0
1501,1878,1994,Multiparty signed/agreed,Intra,SubPar,0,0,0,0
1502,1879,1991,Multiparty signed/agreed,Intra,Pre,0,0,0,0
1503,1880,1991,Multiparty signed/agreed,Intra,Pre,1,0,0,1
1504,1882,1992,Multiparty signed/agreed,Intra,Pre,0,0,0,0
1505,1883,2014,Multiparty signed/agreed,Intra,Pre,0,0,0,0
1506,1884,2014,Multiparty signed/agreed,Intra,Imp,0,0,0,0
1507,1885,2014,Multiparty signed/agreed,Intra,Cea,0,0,0,0
1508,1886,2015,Multiparty signed/agreed,Intra,Pre,0,0,0,0
1509,1887,1990,Multiparty signed/agreed,Inter,SubComp,0,0,0,0
1510,1888,1991,Multiparty signed/agreed,Intra,Pre,0,0,0,1
1511,1891,2015,Multiparty signed/agreed,Intra,Cea,0,0,0,0
1512,1892,2015,Multiparty signed/agreed,Intra,Cea,0,0,0,1
1513,1894,2006,Multiparty signed/agreed,Intra,SubPar,0,0,0,0
1514,1898,2013,Multiparty signed/agreed,Intra,Pre,1,0,0,0
1515,1900,2015,Multiparty signed/agreed,Intra,Pre,0,0,0,0
1516,1901,2013,Multiparty signed/agreed,Intra,Pre,1,0,0,0
1517,1902,2001,Unilateral document,InterIntra,Oth,0,0,0,0
1518,1903,1996,Multiparty signed/agreed,InterIntra,Imp,0,0,0,0