AgtId,Agt,Con,GeFa,GeMe,GeSo,GeWom,Reg,Year
2,"Dayton Agreement on Implementing the Federation of Bosnia and Herzegovina, Dayton",Bosnia and Herzegovina/Yugoslavia (former),0,1,0,1,Europe and Eurasia,1995
36,Protocol on Economic Relations,Israel/Palestine,1,0,0,1,Middle East and North Africa,1994
38,Outcome of Deliberations of the Meeting held in Yamoussokro on 29 and 30 June 1991 (Yamoussoukro I Accord),Liberia,0,1,0,0,Africa (excl MENA),1991
42,Agreement between the Russian Federation and the Republic of Moldova on Matters Related to Jurisdiction and Mutual Legal Assistance on Issues Regarding the Russian Federation Military Formations Temporarily Situated in the Territory of the Republic of Moldova (Agreed in Moscow 21.10.1994),Moldova/Russia/(Transdniestria),1,0,0,0,Europe and Eurasia,1994
80,Townsville Peace Agreement,Solomon Islands,1,0,0,0,Asia and Pacific,2000
85,25-Point Ceasefire Code of Conduct Agreed between the Government of Nepal and SPN (Maoist),Nepal,1,0,0,0,Asia and Pacific,2006
87,Decisions of the Seven Party Alliance (SPA) - Maoist Summit Meeting,Nepal,1,0,0,1,Asia and Pacific,2006
94,Declaration of Principles for the Resolution of the Sudanese Conflict in Darfur,Sudan/Darfur,1,0,0,1,Africa (excl MENA),2005
98,The Second Oslo Joint Statement,Philippines,1,1,0,1,Asia and Pacific,2004
121,"Declaration issued by British and Irish Governments, Hillsborough",Ireland/United Kingdom/(Northern Ireland),1,0,0,0,Europe and Eurasia,1999
125,Implementation of the Good Friday Agreement: Proposals by the Two Governments,Ireland/United Kingdom/(Northern Ireland),1,0,0,0,Europe and Eurasia,2001
136,Mitchell Report,Ireland/United Kingdom/Northern Ireland,1,0,0,0,Europe and Eurasia,1996
148,"Acuerdo Político Final, Gobierno Nacional - Frente Francisco Garnica de la Coordinadora Guerrillera",Colombia,1,0,0,0,Americas,1994
149,Acuerdo Final entre el Gobierno Nacional y el Ejército Popular de Liberación – EPL,Colombia,1,0,0,0,Americas,1991
150,"Acuerdo Final: Gobierno  Nacional, Gobernación de Antioquia y Alcaldía de Medellín con el Movimiento Independiente Revolucionario-Comandos Armados MIR-COAR",Colombia,1,0,0,0,Americas,1998
151,"Acuerdo Final entre el Gobierno Nacional y el Movimieto Armado Quintin Lame, Campamento de Pueblo Nuevo Caldono-Cauca",Colombia,1,0,0,1,Americas,1991
152,"Acuerdo Final entre el Gobierno Nacional y el Partido Revolucionario de los Trabajadores, don Gabriel, Ovejas, Sucre",Colombia,1,0,0,0,Americas,1991
163,Political Constitution of Colombia,Colombia,1,0,0,1,Americas,1991
170,Acuerdo entre el Gobierno Nacional y las FARC-EP (Acuerdo Humanitario),Colombia,1,0,0,0,Americas,2001
173,"Acuerdo Politico Final, Gobierno Nacional y Corriente de Renovacion Socialista",Colombia,1,0,0,0,Americas,1994
201,Ceasefire and ending hostilities agreement between the High Command of the Security Forces and the High Command of the Self-defence Forces of Resistance (FADR),Republic of Congo,0,1,0,0,Africa (excl MENA),1999
211,Act on Mutual Forgiveness,Tajikistan,1,0,0,1,Europe and Eurasia,1997
235,Agreement between the Governments of Sudan and Uganda (The Nairobi Agreement),Sudan/Uganda,1,0,0,0,Africa (excl MENA),1999
238,Agreement between the National Committee on Chittagong Hill Tracts Constituted by the Government and The Parbattya Chattagram Janasanghati Samity,Bangladesh/Chittagong Hill Tracts,1,0,0,1,Asia and Pacific,1997
241,Agreement Between the Republic of Indonesia and the Portuguese Republic on the Question of East Timor,Indonesia/Portugal/(East Timor),1,0,0,1,Cross-regional,1999
242,Agreement by the Government of the Philippines (GRP) and the Moro Islamic Liberation Front (MILF),Philippines/Mindanao,0,1,0,0,Asia and Pacific,1997
244,Agreement for General Cessation of Hostilities,Philippines/Mindanao,0,1,0,0,Asia and Pacific,1997
245,Accord de Paix et de reconciliation nationale,Djibouti,1,0,0,0,Africa (excl MENA),1994
248,Agreement on a ceasefire between the Government of the Democratic Socialist Republic of Sri Lanka and the Liberation Tigers of Tamil Eelam,Sri Lanka,1,0,0,0,Asia and Pacific,2002
252,Agreement on a Comprehensive Political Settlement of the Cambodia Conflict (Framework for a Comprehensive Political Settlement of the Cambodia Conflict or Paris Accords),Cambodia,1,0,0,1,Asia and Pacific,1991
270,Agreement on Permanent Ceasefire and Security Arrangements Implementation Modalities between the Government of Sudan (GOS) and the Sudan People's Liberation Movement/People's Liberation Army (SPLM/SPLA) During the Pre-interim and Interim Periods,South Sudan/Sudan,1,0,0,1,Africa (excl MENA),2004
271,Agreement on Preparatory Transfer of Powers and Responsibilities,Israel/Palestine,1,0,0,1,Middle East and North Africa,1994
272,Agreement on Provisional Arrangements in Afghanistan Pending the Re-establishment of Permanent Government Institutions ('Bonn Agreement'),Afghanistan,1,0,0,1,Europe and Eurasia,2001
278,Agreement on the Basis for the Legal Integration of the Unidad Revolucionaria Nacional Guatemalteca,Guatemala,1,0,0,1,Americas,1996
282,Agreement on the General Framework for the Resumption of Peace Talks between the Government of the Republic of the Philippines and the Moro Islamic Liberation Front,Philippines/Mindanao,0,1,0,0,Asia and Pacific,2001
284,"Agreement on the Implementation, Compliance and Verification Timetable for the Peace Agreements",Guatemala,1,0,0,1,Americas,1996
302,Agreement: On the basic principles of relations between the Russian Federation and the Chechen Republic,Russia/Chechnya,1,0,0,0,Europe and Eurasia,1995
306,Arusha Peace and Reconciliation Agreement for Burundi,Burundi,1,1,0,1,Africa (excl MENA),2000
312,Bougainville Peace Agreement,Papua New Guinea/Bougainville,1,0,0,1,Asia and Pacific,2001
327,Commitments for Chiapas by the State and Federal Governments and the EZLN under Paragraph 1.3 of the Rules of Procedure,Mexico,1,0,0,1,Americas,1996
333,Comprehensive Agreement concluded between the Government of Nepal and the Communist Party of Nepal (Maoist),Nepal,1,0,0,1,Asia and Pacific,2006
335,Comprehensive Agreement on Respect for Human Rights and International Humanitarian Law between the Government of the Republic of the Philippines and the National Democratic Front of the Philippines,Philippines,1,0,1,1,Asia and Pacific,1998
336,Comprehensive Ceasefire Agreement between the Government of the Republic of Burundi and the Palipehutu - FNL,Burundi,1,1,0,1,Africa (excl MENA),2006
337,Comprehensive Peace Agreement between the Government of the Republic of the Sudan and the Sudan People's Liberation Army/Sudan People's Liberation Movement (Naivasha Agreement),South Sudan/Sudan,1,1,0,1,Africa (excl MENA),2005
338,"Peace Agreement between the Government of Liberia, the Liberians United for Reconciliation and Democracy (LURD), the Movement of Democracy in Liberia (MODEL) and the Political Parties (Accra Agreement)",Liberia,0,1,0,1,Africa (excl MENA),2003
339,Results of the Second Round of Direct Talks (London Compromise Agreement on Outstanding Identification Issues),Morocco/Western Sahara,1,0,0,0,Middle East and North Africa,1997
343,Constitution of Iraq,Iraq,1,1,0,1,Middle East and North Africa,2005
350,Darfur Peace Agreement,Sudan/Darfur,1,1,0,1,Africa (excl MENA),2006
366,Definitive Ceasefire Agreement between the Government of the Republic of Nicaragua and the YATAMA Atlantic Front of the Nicaraguan Resistance under the Auspices of his Eminence Miguel Cardinal Obando y Bravo,Nicaragua,1,0,0,0,Americas,1990
371,Draft Treaty on the Delimitation of Subjects of Jurisdiction and Powers between the Russian Federation Organs of State Power and the Chechen Republic Organs of State Power,Russia/Chechnya,1,1,0,1,Europe and Eurasia,1996
375,Effective and Definitive Ceasefire Agreement between the Government of Nicaragua and the Nicaraguan Resistance under the Auspices of his Eminence Miguel Cardinal Obando y Bravo,Nicaragua,1,0,0,0,Americas,1990
389,General Framework Agreement for Peace in Bosnia and Herzegovina (Dayton Peace Agreement),Bosnia and Herzegovina/Yugoslavia (former),1,0,0,1,Europe and Eurasia,1995
397,The Agreement between the Uganda Government and the Lord's Resistance Army ('Gulu Ceasefire'),Uganda,0,1,0,1,Africa (excl MENA),1994
401,"Implementing Guidelines on the Humanitarian, Rehabilitation and Development Aspects of the GRP-MILF Tripoli Agreement on Peace of 2001",Philippines/Mindanao,1,0,0,0,Asia and Pacific,2002
404,Intercongolese Negotiations: The Final Act ('The Sun City Agreement'),Democratic Republic of Congo,1,1,0,1,Africa (excl MENA),2003
407,South African Constitution of 1993 (Interim Constitution),South Africa,1,1,1,1,Africa (excl MENA),1993
421,Joint Declaration of the Defence and Security Forces of Côte D'Ivoire and the armed Forces of the Forces Nouvelles,Cote d'Ivoire,0,1,0,1,Africa (excl MENA),2003
431,"Joint Statement of Confidence-Building Measures, including an Information and Consultation System and Safety Measures for Air and Maritime Navigation",Argentina/United Kingdom,1,0,0,0,Cross-regional,1990
439,Lusaka Protocol,Angola,1,0,0,0,Africa (excl MENA),1994
440,Machakos Protocol,South Sudan/Sudan,1,0,0,1,Africa (excl MENA),2002
449,Memorandum of Understanding between the Government of the Republic of South Africa and the United Nations High Commissioner for Refugees on the Voluntary Repatriation and Reintegration of South African Returnees,South Africa,1,0,0,1,Africa (excl MENA),1991
464,National Reconciliation Pact (Bangui National Reconciliation Conference),Central African Republic,1,0,0,1,Africa (excl MENA),1998
478,Peace Agreement between the Government of Sierra Leone and the Revolutionary United Front of Sierra Leone (RUF/SL) (Lome Agreement),Sierra Leone,0,1,0,1,Africa (excl MENA),1999
479,Final agreement on the implementation of the 1976 Tripoli Agreement between the Government of the Republic of the Philippines (GRP) and the Moro National Liberation Front (MNLF),Philippines/Mindanao,1,0,0,1,Asia and Pacific,1996
496,Protocol between the Government of Sudan and the Sudan People's Liberation Movement on the Resolution of Conflict in Southern Kordofan/Nuba Mountains and the Blue Nile States,South Sudan/Sudan/Southern Kordofan - Blue Nile - Abyei,1,0,0,1,Africa (excl MENA),2004
498,Protocol between the Government of the Sudan and the Sudan People's Liberation Movement (SPLM) on Power Sharing,South Sudan/Sudan,1,1,0,1,Africa (excl MENA),2004
501,Protocol Concerning Safe Passage between the West Bank and the Gaza Strip,Israel/Palestine,1,1,0,1,Middle East and North Africa,1999
504,Protocol of Agreement on Power-sharing within the Framework of  broad-based Transitional Government between the Government of the Republic of Rwanda and the Rwandese Patriotic Front,Rwanda,0,1,0,1,Africa (excl MENA),1992
507,Protocol of Agreement between the Government of the Republic of Rwanda and the Rwandese Patriotic Front on the Integration of the Armed Forces of the Two Parties,Rwanda,0,1,0,1,Africa (excl MENA),1993
513,"Protocol of the Meeting of the Working Groups, Formed under the Negotiations Commissions, to Locate Missing Persons and to Free Forcibly Detained Persons",Russia/Chechnya,1,0,0,0,Europe and Eurasia,1996
524,Quadripartite Agreement on Voluntary Return of Refugees and Displaced Persons,Georgia/Russia/Abkhazia,1,0,0,0,Europe and Eurasia,1994
540,"Sommet Extraordinaire des Chefs d'Etat de Governement sur la Situation en Côte d'Ivoire, Communiqué Final (Accra I)",Cote d'Ivoire,1,0,0,0,Africa (excl MENA),2002
541,South-North Joint Declaration,North Korea/South Korea,1,0,0,0,Asia and Pacific,2000
550,Sudan Peace Agreement,South Sudan/Sudan,1,0,0,1,Africa (excl MENA),1997
556,The Agreement Reached in the Multi-Party Negotiations (Good Friday Agreement or Belfast Agreement),Ireland/United Kingdom/Northern Ireland,1,0,1,1,Europe and Eurasia,1998
565,Forces Technical Agreement between the Transitional Government of the Republic of Burundi and the CNDD-FDD,Burundi,1,0,0,1,Africa (excl MENA),2003
578,The Managua Protocol on Disarmament,Nicaragua,1,0,0,1,Americas,1990
590,The Transitional Federal Charter of the Somali Republic,Somalia,1,0,0,1,Africa (excl MENA),2004
637,Pacte National conclu entre le Gouvernement de la République du Mali et les mouvements et fronts unifiés de l’Azawad consacrant le statut particulier du Nord au Mali,Mali/Azawad,1,0,0,1,Africa (excl MENA),1992
640,General Agreement for Peace between the Government of the Republic of the Philippines and the Rebolusyonaryong Alyansang Makabansa - Soldiers of the Filipino People - Young Officers' Union,Philippines/Rebolusyonaryong Alyansang Makabansa (SFP-YOU),0,1,0,1,Asia and Pacific,1995
649,Peace Agreement between the Government of the Republic of Uganda and the National Rescue Front II (Yumbe Peace Agreement),Uganda,0,1,0,0,Africa (excl MENA),2002
652,Memorandum of Settlement on Bodoland Territorial Council,India/Bodoland,1,0,0,1,Asia and Pacific,2003
667,Annexure to the Agreement on Accountability and Reconciliation,Uganda,0,1,0,1,Africa (excl MENA),2008
669,"Accord de Paix Global entre le Gouvernement de la République Centrafricaine et les Mouvements Politico-Militaires Centrafricains désignés ci après : Armée Populaire pour la Restauration de la Démocratie (APRD), Front Démocratique du Peuple Centrafricain (FDPC), Union des Forces Démocratique pour le Rassemblement (UFDR)",Central African Republic,0,1,0,1,Africa (excl MENA),2008
670,Accord de cessez le feu et de paix entre le Gouvernement de la République Centrafricaine et le mouvement politique et militaire Centrafricain APRD,Central African Republic,0,1,0,1,Africa (excl MENA),2008
676,Accord de Paix entre le Gouvernement de la République Centrafricaine et les Mouvements Politico-Militaires ci-après designés: FDPC et UFDR (Syrte Agreement),Central African Republic,0,1,0,1,Africa (excl MENA),2007
689,Communique of the Personal Envoy of the Secretary-General for Western Sahara (In Agreement with the Parties) (Manhasset IV),Morocco/Western Sahara,1,0,0,0,Middle East and North Africa,2008
694,Agreement on a Permanent Ceasefire,Uganda,0,1,0,1,Africa (excl MENA),2008
695,Implementation Protocol to the Agreement on Comprehensive Solutions,Uganda,0,1,0,1,Africa (excl MENA),2008
696,Kenya National Dialogue and Reconciliation: Public Statement,Kenya,1,0,0,1,Africa (excl MENA),2008
702,"Dar-es-Salaam Agreement on Principles Towards lasting Peace, Security, and Stability in Burundi",Burundi,0,1,0,1,Africa (excl MENA),2006
706,Statement of the International Conference on Afghanistan (Hague Conference),Afghanistan,0,1,0,1,Europe and Eurasia,2009
707,"Communiqué of the Conference on Afghan Leadership, Regional Cooperation, International Partnership (London Conference Communique)",Afghanistan,0,1,0,1,Europe and Eurasia,2010
709,Renewed Commitment by the Afghan Government to the Afghan People and the International Community to Afghanistan (Kabul Conference Communique),Afghanistan,0,1,0,1,Europe and Eurasia,2010
722,Peace Agreement between the Government and Le Congres National pour la Défense du Peuple (CNDP),Democratic Republic of Congo,0,1,0,1,Africa (excl MENA),2009
728,Draft Constitutional Charter for the Transitional Stage: The Constitutional Declaration,Libya,1,1,0,1,Middle East and North Africa,2011
732,Communique of the Special Envoy of the SG for Western Sahara on the Third Informal Meeting,Morocco/Western Sahara,1,0,0,0,Middle East and North Africa,2010
733,The Seven Point Agreement,Nepal,1,0,0,0,Asia and Pacific,2011
744,Agreement between the TFG and the Puntland Regional State of Somalia (Galkayo Agreement),Somalia/Puntland,0,1,0,1,Africa (excl MENA),2009
753,Framework Agreement to Resolve the Conflict in Darfur between the Government of Sudan and the LJM,Sudan/Darfur,0,1,0,1,Africa (excl MENA),2010
754,Ceasefire Agreement between the Government of Sudan and the LJM,Sudan/Darfur,0,1,0,1,Africa (excl MENA),2010
758,Agreement on the Implementation Mechanism for the Transition Process in Yemen in Accordance with the Initiative of the Gulf Cooperation Council (GCC Implementation Mechanism),Yemen,0,1,0,1,Middle East and North Africa,2011
759,Accord de Cessez-le-Feu Entre d’une part L’Union des Forces Democratiques pour le Rassemblement (UFDR) et d’autre part la Convention des Patriotes pour la Justice et la Paix (CPJP),Central African Republic,0,1,0,1,Africa (excl MENA),2011
773,Agreement between the Union Level Peace-Making Team and the Shan State Progressive Party (SSPP)/Shan State Army (SSA),Myanmar,1,0,0,0,Asia and Pacific,2012
785,"Nakuru County Peace Accord
",Kenya,1,0,0,1,Africa (excl MENA),2012
793,Outcome Documents from the Conclusion of the Kampala Dialogue between the Government of the Democratic Republic of the Congo and the M23,Democratic Republic of Congo,1,0,0,1,Africa (excl MENA),2013
798,The Peace and National Partnership Agreement,Yemen,1,0,0,1,Middle East and North Africa,2014
811,Accord de cessez-le-feu entre le Gouvernement de la République Centrafricaine et la Coalition Seleka,Central African Republic,0,1,0,1,Africa (excl MENA),2013
812,Participacíon política: Apertura democrática para construir la paz,Colombia,0,0,1,1,Americas,2013
815,Solución al Problema de las Drogas Ilícitas,Colombia,1,0,0,1,Americas,2014
817,Hacia un Nuevo Campo Colombiano: Reforma Rural Integral,Colombia,1,1,0,1,Americas,2014
818,Accord de cessation des hostilités en République Centrafricaine (Brazzaville Agreement on Cessation of Hostilities),Central African Republic,0,1,0,1,Africa (excl MENA),2014
840,Accord N°2 de Maputo sur le Cas du Président Marc Ravalomanana,Madagascar,1,0,0,0,Africa (excl MENA),2009
848,Conclusions of the Conference on Afghanistan and the International Community: From Transition to the Transformation Decade (Bonn Conference),Afghanistan,0,1,0,1,Europe and Eurasia,2011
853,"Doha Document for Peace in Darfur (DDPD)
",Sudan/Darfur,1,1,0,1,Africa (excl MENA),2011
864,Tokyo Declaration Partnership for Self-Reliance in Afghanistan from Transition to Transformation (Tokyo Conference),Afghanistan,0,1,0,1,Europe and Eurasia,2012
866,Government of the Philippines-MILF Decision Points on Principles as of April 2012,Philippines/Mindanao,0,1,0,1,Asia and Pacific,2012
867,Framework Agreement on the Bangsamoro,Philippines/Mindanao,1,1,0,1,Asia and Pacific,2012
869,Annex on Revenue Generation and Wealth-sharing to the Framework Agreement on the Bangsamoro (FAB),Philippines/Mindanao,0,1,0,1,Asia and Pacific,2013
870,Guidelines for Mutual Understanding between the CCCH of the GPH and the MILF for Ceasefire-related Functions during the 13 May 2013 National and Local Elections,Philippines/Mindanao,1,0,0,0,Asia and Pacific,2013
873,"The Independent Commission on Policing and its Terms of Reference
",Philippines/Mindanao,0,1,0,1,Asia and Pacific,2013
875,Agreement between the Government of Sudan and the Justice and Equality Movement-Sudan on the Basis of the Doha Document for Peace in Darfur,Sudan/Darfur,1,0,0,1,Africa (excl MENA),2013
880,Ceasefire Agreement between the Government of Sudan and the Justice and Equality Movement-Sudan (JEM),Sudan/Darfur,0,1,0,1,Africa (excl MENA),2013
884,"Agreement on Cessation of Hostilities between the Government of the Republic of South Sudan (GRSS) and the Sudan People’s Liberation Movement/Army (In Opposition) (SPLM/A in Opposition)
",South Sudan,1,0,0,1,Africa (excl MENA),2014
903,Stormont House Agreement,Ireland/United Kingdom/Northern Ireland,1,0,0,1,Europe and Eurasia,2014
918,The IGAD Declaration of Principles,South Sudan/Sudan,1,0,0,0,Africa (excl MENA),1994
921,Acuerdo de Paz entre el Gobierno de Nicaragua y el Estado Mayor del Frente Norte 3-80 (Acuerdo de Managua),Nicaragua,1,0,0,0,Americas,1997
935,Oslo Joint Communique,Philippines,1,0,0,0,Asia and Pacific,2001
975,Joint Statement -8th GRP-MILF Exploratory Talks (June 21 2005),Philippines/Mindanao,1,0,0,0,Asia and Pacific,2005
983,"Annex I, Protocol Concerning Redeployment and Security Arrangements, Israeli­ Palestinian Interim Agreement on The West Bank and the Gaza Strip (Oslo II)",Israel/Palestine,1,1,0,1,Middle East and North Africa,1995
985,"Annex III, Concerning Civil Affairs, Israeli­ Palestinian Interim Agreement on The West Bank and the Gaza Strip (Oslo II)",Israel/Palestine,1,1,0,1,Middle East and North Africa,1995
999,Memorandum of Agreement on the Ancestral Domain Aspect of the GRP-MILF Tripoli Agreement on Peace of 2001,Philippines/Mindanao,1,0,0,0,Asia and Pacific,2008
1004,Guidelines for the Implementation of the Philippine Campaign to Ban Landmines - Fondation Suisse de Deminage (PCBL-FSD) Project Pursuant to the Joint Statement of the GRP-MILF Peace Panels dated 15 November 2007,Philippines/Mindanao,1,0,0,0,Asia and Pacific,2010
1007,"Sri Lanka Constitution Bill, an Act to Repeal and Replace the Constitution of the Democratic Socialist Republic of Sri Lanka",Sri Lanka,1,0,0,1,Asia and Pacific,2000
1021,Communique of the Abuja Sudanese Peace Conference,South Sudan/Sudan,1,0,0,0,Africa (excl MENA),1992
1054,Berlin Declaration (Berlin Conference),Afghanistan,0,1,0,1,Europe and Eurasia,2004
1060,Agreement between the Government of Sudan and the National Democratic Alliance (NDA) (Cairo Agreement),Sudan,0,1,0,1,Africa (excl MENA),2005
1061,Afghanistan Compact Building on Success (London Conference),Afghanistan,0,1,0,1,Europe and Eurasia,2006
1073,Declaration on the Advancement of South-North Korean Relations Peace and Prosperity,North Korea/South Korea,1,0,0,0,Asia and Pacific,2007
1086,Protocolo de Verificación,Nicaragua,1,0,0,0,Americas,1992
1091,Acta de Compromiso entre el Gobierno Nacional y el EPL,Colombia,1,0,0,0,Americas,1991
1132,"Declaración de Tregua Unilateral Durante Temporada de Fin den Ano, FARC-EP",Colombia,1,0,0,0,Americas,1999
1160,The third sesson of peace talks between the Government of Sri Lanka (GOSL) and the Liberation Tigers of Tamil Eelam (LTTE) (Oslo Communique),Sri Lanka,1,0,0,1,Asia and Pacific,2002
1185,Implementation Modalities in Support of the Agreement on Cessation of Hostilities between the Government of the Republic of South Sudan (GRSS) and the Sudan People's Liberation Movement/Army (in opposition) (SPLM/A IO),South Sudan,1,0,0,0,Africa (excl MENA),2014
1198,Declaration Concerning the Constitution of the Federation of Bosnia and Herzegovina (with Proposed Constitution of the Federation of Bosnia and Herzegovina attached),Bosnia and Herzegovina/Yugoslavia (former),1,0,0,1,Europe and Eurasia,1994
1232,"Agreement on Reconciliation, Non-Aggression, and Exchanges and Cooperation between South and North Korea",North Korea/South Korea,1,0,0,0,Asia and Pacific,1991
1247,Implementation plan proposed by the Secretary-General pursuant to Security Council resolution 621 (1988) of September 1988,Morocco/(Western Sahara),1,0,0,0,Middle East and North Africa,1990
1256,Dialogue inter-togolais: accord cadre de Lomé,Togo,0,1,0,1,Africa (excl MENA),1999
1262,Memorandum of Understanding between Hezbollah and the Free Patriotic Movement,Lebanon,1,0,0,0,Middle East and North Africa,2006
1275,Press release by Royal Norwegian Government,Sri Lanka,1,0,0,0,Asia and Pacific,2003
1280,Human Rights issues relating to the peace process,Sri Lanka,1,0,0,1,Asia and Pacific,2003
1292,The Darjeeling Gorkha Hill Council (Amendment) Act 1994,India/Darjeeling,1,0,0,1,Asia and Pacific,1994
1303,Draft Constitution of the Transition,Democratic Republic of Congo,1,0,1,1,Africa (excl MENA),2003
1315,"Final Communique, the Fifth Meeting of the Heads of State and Government of the ECOWAS Committee of Nine on the Liberian Crises",Liberia,0,1,0,0,Africa (excl MENA),1997
1322,Nepal Interim Constitution,Nepal,1,1,0,1,Asia and Pacific,2007
1329,Press Release of the Expansion of the Interim Constitution Draft Committee,Nepal,0,1,0,1,Asia and Pacific,2006
1330,Press Release of the Expansion of the Interim Constitution Draft Committee,Nepal,0,1,0,0,Asia and Pacific,2006
1336,Memorandum of Peace and Understanding in Cabinda Province,Angola/Cabinda,1,0,0,1,Africa (excl MENA),2006
1340,Constitution of Zimbabwe Amendment (No 20) 2013,Zimbabwe,1,1,1,1,Africa (excl MENA),2013
1343,"The Protocol of Agreement between the Government of the Republic of Rwanda and the Rwandese Patriotic Front on Power-Sharing within the Framework of a Broad-based Transitional Government (Continuation of the Protocol of Agreement Signed on the 30th October, 1992)",Rwanda,1,0,0,1,Africa (excl MENA),1993
1355,Protocol on the Implementation of the Terms of Reference (TOR) of the Independent Decommissioning Body (IDB),Philippines/Mindanao,1,0,0,1,Asia and Pacific,2015
1357,Agreement on the Resolution of the Conflict in the Republic of South Sudan,South Sudan,1,1,0,1,Africa (excl MENA),2015
1360,Provisional Constitution of The Federal Republic of Somalia,Somalia,1,0,0,1,Africa (excl MENA),2012
1361,Constitution of Nepal 2015,Nepal,1,1,1,1,Asia and Pacific,2015
1368,"Joint Communiqué #62, Havana",Colombia,1,0,0,0,Americas,2015
1395,"Joint Communiqué #52, Havana",Colombia,0,1,0,1,Americas,2015
1397,"Joint Communiqué #55, Havana",Colombia,0,1,0,1,Americas,2015
1400,National Dialogue Conference Outcomes Document,Yemen,1,1,0,1,Middle East and North Africa,2014
1406,The National Conciliation Document of the Prisoners (The Prisoner's Document) (2nd Version),Palestine,1,0,0,1,Middle East and North Africa,2006
1412,"His Majesty Delivers a Speech to Citizens Concerning Request to Amend Some Articles of the Constitution, 15 January 2012",Bahrain,1,0,0,0,Middle East and North Africa,2012
1414,"Royal Order No.28 of 2011, Establishing an Independent Commission to Investigate and Report on the Events Which Occurred in Bahrain in February/March 2011",Bahrain,1,0,0,1,Middle East and North Africa,2011
1417,The National Conciliation Document of the Prisoners (The Prisoner's Document) (1st Version),Palestine,1,0,0,1,Middle East and North Africa,2006
1421,Constitution of 18 March 2005,Burundi,1,1,1,1,Africa (excl MENA),2005
1425,Constitution de transition du 28 octobre 2001,Burundi,1,1,0,1,Africa (excl MENA),2001
1437,National Action Charter of Bahrain,Bahrain,1,1,0,1,Middle East and North Africa,2001
1440,"'Hudna’ (truce) of al-Zabadani, Kefriyya and al-Fu’aa",Syria,1,1,0,1,Middle East and North Africa,2015
1442,"Pacte Républicain pour la paix, la réconciliation nationale et la reconstruction en la République Centrafricaine",Central African Republic,0,1,0,1,Africa (excl MENA),2015
1451,Agreement between the JNA and the Representatives of Ilok,Croatia/Yugoslavia (former),1,0,0,0,Europe and Eurasia,1991
1453,Agreement between the official delegates of the Republic of Croatia and the JNA,Croatia/Yugoslavia (former),1,0,0,0,Europe and Eurasia,1991
1473,"Agreement on removal of Commands, Units and Institutions from Garrisons-Barracks of Zenica, Travnik, Konjic and Barracks and Institutions in Sarajevo",Bosnia and Herzegovina/Yugoslavia (former),1,0,0,0,Europe and Eurasia,1992
1515,"Charte d'Honneur des Partis Politiques, des Coalitions et des Candidats Indépendants pour les élections et les référendums de la République Tunisienne

",Tunisia,1,0,0,1,Middle East and North Africa,2014
1547,"Agreement on the Victims of Conflict, 'Comprehensive System for Truth, Justice, Reparation and Non-repitition, including the Special Jurisdiction for Peace; and Commitment on Human Rights",Colombia,1,1,1,1,Americas,2015
1560,"Shan State Army-South (SSA-S), Government 11-Point Peace Agreement",Myanmar,1,0,0,0,Asia and Pacific,2012
1561,"Shan State Army-South (SSA-S), Government 12-Point Peace Agreement",Myanmar,1,0,0,0,Asia and Pacific,2012
1562,"Shan State Progress Party (SSPP)/Shan State Army-North (SSAN), Government Preliminary Peace and 5-Point Peace Agreement",Myanmar,1,0,0,0,Asia and Pacific,2012
1568,"Declaration Finale, Ouagadougou",Mali/Azawad,0,1,0,0,Africa (excl MENA),2014
1578,"Kalo Htoo Baw (DKBA-5), Government Union-level Peace Agreements",Myanmar,1,0,0,0,Asia and Pacific,2011
1589,Agreement (ICRC Humanitarian Principles),Bosnia and Herzegovina/Yugoslavia (former),1,0,0,0,Europe and Eurasia,1992
1595,Project de charte pour la paix et la réconciliation nationale,Algeria,1,0,0,1,Middle East and North Africa,2005
1604,"Agreement between the Russian Federation and the Republic of Moldova regarding the legal status, procedure and period for the withdrawal of the Russian Federation Military Units/Formations, temporarily situated in the territory of the Republic of Moldova",Moldova/Russia/(Transdniestria),1,0,0,0,Europe and Eurasia,1994
1621,Release of all civilian prisoners and cleaning up of the battle field,Bosnia and Herzegovina/Yugoslavia (former),1,1,0,1,Europe and Eurasia,1993
1649,Prisoner Exchange Agreement,Croatia/Yugoslavia (former),1,0,0,0,Europe and Eurasia,1991
1659,Transitional National Charter (Interim Constitution),Central African Republic,1,1,0,1,Africa (excl MENA),2013
1663,Marau Peace Agreement,Solomon Islands,1,0,0,0,Asia and Pacific,2001
1671,"Misseriyya and Dinka Ngok Conference, Conference Agreement, Kadugli",South Sudan/Sudan/Southern Kordofan - Blue Nile - Abyei,1,0,0,0,Africa (excl MENA),2011
1672,Joint Final Communique and Resolutions: Dinka Malual and Misseriyya Grassroots Peace Conference,South Sudan/Sudan/Southern Kordofan - Blue Nile - Abyei,1,1,0,1,Africa (excl MENA),2008
1673,Communique: Dinka Malual & Rezeigat Grassroots Peace Conference,South Sudan/Sudan/Southern Kordofan - Blue Nile - Abyei,1,1,0,1,Africa (excl MENA),2010
1680,"The Garowe II Principles on Federalism, System of Government and Ending of Transition through operationalizing Garowe I (Garowe II)",Somalia/Puntland,0,1,0,1,Africa (excl MENA),2012
1682,Declaration of National Commitment (Arta Declaration),Somalia,0,1,0,1,Africa (excl MENA),2000
1693,Agreement on Ceasefire and the mechanisms of its implementation in Abkhazia,Georgia/Abkhazia,1,0,0,0,Europe and Eurasia,1993
1716,Memorandum of Agreement on the Gorkha Territorial Administration,India/Darjeeling,1,0,0,1,Asia and Pacific,2011
1719,Ceasefire Agreement between the Government of the Republic of Uganda and the Uganda National Rescue Front II,Uganda,1,0,0,0,Africa (excl MENA),2002
1744,Agreement between the GoN and Nepal Adivasi Janajati Mahasangha and Adivasi Janajati Samyukta Sangharsha Samiti,Nepal,1,0,0,1,Asia and Pacific,2007
1746,"Agreement between the GoN and Chure Bhawar Pradesh Ekta Samaj, Nepal",Nepal,1,0,0,0,Asia and Pacific,2007
1748,23-Point Agreement between the Top Leaders of the Seven-Party Alliance,Nepal,1,0,0,0,Asia and Pacific,2007
1749,Agreement between the GoN and Samyukta Loktantrik Madheshi Morcha,Nepal,1,0,0,1,Asia and Pacific,2008
1750,"Agreement between the Government Talks Team comprising the Seven political Parties and Sanghiya Ganatantrik Rastriya Morcha, Nepal",Nepal,1,0,0,1,Asia and Pacific,2008
1753,Agreement between the Political parties to Amend the Constitution and to Further the Peace Process,Nepal,1,0,0,0,Asia and Pacific,2008
1754,Agreement between the GoN and Rastriya Haliya Mukti Samaj Mahasangha,Nepal,1,0,0,0,Asia and Pacific,2008
1761,Agreement between the GoN and the Adivasi Tharu Community agitating in the Terai and Nepal Adivasi Janajati Mahsangha,Nepal,1,0,0,1,Asia and Pacific,2009
1766,9-Point Agreement between the Maoists and the CPN (UNML),Nepal,1,0,0,0,Asia and Pacific,2009
1794,Statement of the State Commissions of Abkhazia and Georgia on Search for the Persons Missing without Trace,Georgia/Russia/Abkhazia,1,0,0,1,Europe and Eurasia,2000
1800,The Interim National Constitution of the Republic of Sudan 2005,South Sudan/Sudan,1,0,0,1,Africa (excl MENA),2005
1803,Statement of the State Commissions of Abkhazia and Georgia on Search for the Persons Missing without Trace,Georgia/Russia/Abkhazia,0,1,0,1,Europe and Eurasia,2000
1813,Wunlit Dinka Nuer Covenant and Resolutions,South Sudan,1,1,0,1,Africa (excl MENA),1999
1814,Dinka Nuer West Bank Peace Council Communication,South Sudan,1,1,0,1,Africa (excl MENA),1999
1819,"All-Jonglei Conference for Peace, Reconciliation and Tolerance, held in Bor, 1-5 May 2012: Conference Resolutions and Recommendations",South Sudan,1,0,0,1,Africa (excl MENA),2012
1836,Memorandum of Understanding Between the Government of Mizoram and the Bru National Liberation Front (BNLF),India/Mizoram,1,0,0,0,Asia and Pacific,2005
1853,Burtinle Peace Agreement,Somalia/Puntland,1,0,0,0,Africa (excl MENA),2007
1856,Adadda Peace Agreement,Somalia,1,0,0,1,Africa (excl MENA),2007
1880,Agreement Relating to the Establishment of a Protected Zone around the Hospital of Osijek,Croatia/Yugoslavia (former),1,0,0,1,Europe and Eurasia,1991
1888,Joint Commission to Trace Missing Persons and Mortal Remains,Croatia/Yugoslavia (former),1,0,0,0,Europe and Eurasia,1991
1892,"Statement by the Martyrs Brigade in Zawiyat al-Mahjoub regarding the ceasefire agreement in Aziziyyah and the latest developments in and near Tripoli
",Libya,1,0,0,0,Middle East and North Africa,2015
